Shape,A,h,b,t(nom),t(des),wt./ft.,b/t,h/t,Ix,Sx,rx,Zx,Iy,Sy,ry,Zy,h(flat),b(flat),J,C,A(surf)
HSS20X12X5/8,35,20,12,0.625,0.581,127.37,17.7,31.5,1880,188,7.33,230,851,142,4.93,162,17.1875,9.1875,1890,257,5.17
HSS20X12X1/2,28.3,20,12,0.5,0.465,103.3,22.8,40,1550,155,7.39,188,705,117,4.99,132,17.75,9.75,1540,209,5.2
HSS20X12X3/8,21.5,20,12,0.375,0.349,78.52,31.5,54.4,1200,120,7.45,144,547,91.1,5.04,102,18.3125,10.3125,1180,160,5.23
HSS20X12X5/16,18.1,20,12,0.3125,0.291,65.87,38.1,65.6,1010,101,7.48,122,464,77.3,5.07,85.8,18.625,10.625,997,134,5.25
HSS20X8X5/8,30.3,20,8,0.625,0.581,110.36,10.8,31.5,1440,144,6.89,185,338,84.6,3.34,96.4,17.1875,5.1875,916,167,4.5
HSS20X8X1/2,24.6,20,8,0.5,0.465,89.68,14.2,40,1190,119,6.96,152,283,70.8,3.39,79.5,17.75,5.75,757,137,4.53
HSS20X8X3/8,18.7,20,8,0.375,0.349,68.31,19.9,54.4,926,92.6,7.03,117,222,55.6,3.44,61.5,18.3125,6.3125,586,105,4.57
HSS20X8X5/16,15.7,20,8,0.3125,0.291,57.36,24.5,65.6,786,78.6,7.07,98.6,189,47.4,3.47,52,18.625,6.625,496,88.3,4.58
HSS20X4X1/2,20.9,20,4,0.5,0.465,76.07,5.59,40,838,83.8,6.33,115,58.7,29.3,1.68,34,17.75,---,195,63.8,3.87
HSS20X4X3/8,16,20,4,0.375,0.349,58.1,8.45,54.4,657,65.7,6.42,89.3,47.6,23.8,1.73,26.8,18.3125,2.3125,156,49.9,3.9
HSS20X4X5/16,13.4,20,4,0.3125,0.291,48.86,10.8,65.6,560,56,6.46,75.6,41.2,20.6,1.75,22.9,18.625,2.625,134,42.4,3.92
HSS20X4X1/4,10.8,20,4,0.25,0.233,39.43,14.2,82.8,458,45.8,6.5,61.5,34.3,17.1,1.78,18.7,18.875,2.875,111,34.7,3.93
HSS18X6X5/8,25.7,18,6,0.625,0.581,93.34,7.33,28.1,923,103,6,135,158,52.7,2.48,61,15.1875,3.1875,462,109,3.83
HSS18X6X1/2,20.9,18,6,0.5,0.465,76.07,9.91,35.7,770,85.6,6.07,112,134,44.6,2.53,50.7,15.75,3.75,387,89.9,3.87
HSS18X6X3/8,16,18,6,0.375,0.349,58.1,14.2,48.7,602,66.9,6.15,86.4,106,35.5,2.58,39.5,16.3125,4.3125,302,69.5,3.9
HSS18X6X5/16,13.4,18,6,0.3125,0.291,48.86,17.6,58.8,513,57,6.18,73.1,91.3,30.4,2.61,33.5,16.5625,4.5625,257,58.7,3.92
HSS18X6X1/4,10.8,18,6,0.25,0.233,39.43,22.7,74.2,419,46.5,6.22,59.4,75.1,25,2.63,27.3,16.875,4.875,210,47.7,3.93
HSS16X16X5/8,35,16,16,0.625,0.581,127.37,24.6,24.6,1370,171,6.25,200,1370,171,6.25,200,13.1875,13.1875,2170,276,5.17
HSS16X16X1/2,28.3,16,16,0.5,0.465,103.3,31.4,31.4,1130,141,6.31,164,1130,141,6.31,164,13.75,13.75,1770,224,5.2
HSS16X16X3/8,21.5,16,16,0.375,0.349,78.52,43,43,873,109,6.37,126,873,109,6.37,126,14.3125,14.3125,1350,171,5.23
HSS16X16X5/16,18.1,16,16,0.3125,0.291,65.87,51.9,51.9,739,92.3,6.39,106,739,92.3,6.39,106,14.625,14.625,1140,144,5.25
HSS16X12X5/8,30.3,16,12,0.625,0.581,110.36,17.7,24.6,1090,136,6,165,700,117,4.8,135,13.1875,9.1875,1370,204,4.5
HSS16X12X1/2,24.6,16,12,0.5,0.465,89.68,22.8,31.4,904,113,6.06,135,581,96.8,4.86,111,13.75,9.75,1120,166,4.53
HSS16X12X3/8,18.7,16,12,0.375,0.349,68.31,31.5,43,702,87.7,6.12,104,452,75.3,4.91,85.5,14.3125,10.3125,862,127,4.57
HSS16X12X5/16,15.7,16,12,0.3125,0.291,57.36,38.1,51.9,595,74.4,6.15,87.7,384,64,4.94,72.2,14.625,10.625,727,107,4.58
HSS16X8X5/8,25.7,16,8,0.625,0.581,93.34,10.8,24.6,815,102,5.64,129,274,68.6,3.27,79.2,13.1875,5.1875,681,132,3.83
HSS16X8X1/2,20.9,16,8,0.5,0.465,76.07,14.2,31.4,679,84.9,5.7,106,230,57.6,3.32,65.5,13.75,5.75,563,108,3.87
HSS16X8X3/8,16,16,8,0.375,0.349,58.1,19.9,43,531,66.3,5.77,82.1,181,45.3,3.37,50.8,14.3125,6.3125,436,83.4,3.9
HSS16X8X5/16,13.4,16,8,0.3125,0.291,48.86,24.5,51.9,451,56.4,5.8,69.4,155,38.7,3.4,43,14.625,6.625,369,70.4,3.92
HSS16X8X1/4,10.8,16,8,0.25,0.233,39.43,31.3,65.7,368,46.1,5.83,56.4,127,31.7,3.42,35,14.875,6.875,300,57,3.93
HSS16X4X5/8,21,16,4,0.625,0.581,76.33,3.89,24.6,539,67.3,5.06,92.9,54.1,27,1.6,32.5,13.1875,---,174,60.5,3.17
HSS16X4X1/2,17.2,16,4,0.5,0.465,62.46,5.59,31.4,455,56.9,5.15,77.3,47,23.5,1.65,27.4,13.75,---,150,50.7,3.2
HSS16X4X3/8,13.2,16,4,0.375,0.349,47.9,8.45,43,360,45,5.23,60.2,38.3,19.1,1.71,21.7,14.3125,2.3125,120,39.7,3.23
HSS16X4X5/16,11.1,16,4,0.3125,0.291,40.35,10.8,51.9,308,38.5,5.27,51.1,33.2,16.6,1.73,18.5,14.625,2.625,103,33.8,3.25
HSS16X4X1/4,8.96,16,4,0.25,0.233,32.63,14.2,65.7,253,31.6,5.31,41.7,27.7,13.8,1.76,15.2,14.875,2.875,85.2,27.6,3.27
HSS16X4X3/16,6.76,16,4,0.1875,0.174,24.73,20,89.1,193,24.2,5.35,31.7,21.5,10.8,1.78,11.7,15.1875,3.1875,65.5,21.1,3.28
HSS14X14X5/8,30.3,14,14,0.625,0.581,110.36,21.2,21.2,897,128,5.44,151,897,128,5.44,151,11.1875,11.1875,1430,208,4.5
HSS14X14X1/2,24.6,14,14,0.5,0.465,89.68,27.1,27.1,743,106,5.49,124,743,106,5.49,124,11.75,11.75,1170,170,4.53
HSS14X14X3/8,18.7,14,14,0.375,0.349,68.31,37.2,37.2,577,82.5,5.55,95.4,577,82.5,5.55,95.4,12.3125,12.3125,900,130,4.57
HSS14X14X5/16,15.7,14,14,0.3125,0.291,57.36,45,45,490,69.9,5.58,80.5,490,69.9,5.58,80.5,12.625,12.625,759,109,4.58
HSS14X10X5/8,25.7,14,10,0.625,0.581,93.34,14.2,21.2,687,98.2,5.17,120,407,81.5,3.98,95.1,11.1875,7.1875,832,146,3.83
HSS14X10X1/2,20.9,14,10,0.5,0.465,76.07,18.5,27.1,573,81.8,5.23,98.8,341,68.1,4.04,78.5,11.75,7.75,685,120,3.87
HSS14X10X3/8,16,14,10,0.375,0.349,58.1,25.6,37.2,447,63.9,5.29,76.3,267,53.4,4.09,60.7,12.3125,8.3125,528,91.8,3.9
HSS14X10X5/16,13.4,14,10,0.3125,0.291,48.86,31.4,45,380,54.3,5.32,64.6,227,45.5,4.12,51.4,12.5625,8.5625,446,77.4,3.92
HSS14X10X1/4,10.8,14,10,0.25,0.233,39.43,39.9,57.1,310,44.3,5.35,52.4,186,37.2,4.14,41.8,12.875,8.875,362,62.6,3.93
HSS14X6X5/8,21,14,6,0.625,0.581,76.33,7.33,21.2,478,68.3,4.77,88.7,124,41.2,2.43,48.4,11.1875,3.1875,334,83.7,3.17
HSS14X6X1/2,17.2,14,6,0.5,0.465,62.46,9.91,27.1,402,57.4,4.84,73.6,105,35.1,2.48,40.4,11.75,3.75,279,69.3,3.2
HSS14X6X3/8,13.2,14,6,0.375,0.349,47.9,14.2,37.2,317,45.3,4.91,57.3,84.1,28,2.53,31.6,12.3125,4.3125,219,53.7,3.23
HSS14X6X5/16,11.1,14,6,0.3125,0.291,40.35,17.6,45,271,38.7,4.94,48.6,72.3,24.1,2.55,26.9,12.5625,4.5625,186,45.5,3.25
HSS14X6X1/4,8.96,14,6,0.25,0.233,32.63,22.7,57.1,222,31.7,4.98,39.6,59.6,19.9,2.58,22,12.875,4.875,152,36.9,3.27
HSS14X6X3/16,6.76,14,6,0.1875,0.174,24.73,31.5,77.6,170,24.3,5.01,30.1,45.9,15.3,2.61,16.7,13.1875,5.1875,116,28,3.28
HSS14X4X5/8,18.7,14,4,0.625,0.581,67.82,3.89,21.2,373,53.3,4.47,73.1,47.2,23.6,1.59,28.5,11.25,---,148,52.6,2.83
HSS14X4X1/2,15.3,14,4,0.5,0.465,55.66,5.59,27.1,317,45.3,4.55,61,41.2,20.6,1.64,24.1,11.75,---,127,44.1,2.87
HSS14X4X3/8,11.8,14,4,0.375,0.349,42.79,8.45,37.2,252,36,4.63,47.8,33.6,16.8,1.69,19.1,12.25,2.25,102,34.6,2.9
HSS14X4X5/16,9.92,14,4,0.3125,0.291,36.1,10.8,45,216,30.9,4.67,40.6,29.2,14.6,1.72,16.4,12.625,2.625,87.7,29.5,2.92
HSS14X4X1/4,8.03,14,4,0.25,0.233,29.23,14.2,57.1,178,25.4,4.71,33.2,24.4,12.2,1.74,13.5,12.875,2.875,72.4,24.1,2.93
HSS14X4X3/16,6.06,14,4,0.1875,0.174,22.18,20,77.6,137,19.5,4.74,25.3,19,9.48,1.77,10.3,13.125,3.125,55.8,18.4,2.95
HSS12X12X5/8,25.7,12,12,0.625,0.581,93.34,17.7,17.7,548,91.4,4.62,109,548,91.4,4.62,109,9.1875,9.1875,885,151,3.83
HSS12X12X1/2,20.9,12,12,0.5,0.465,76.07,22.8,22.8,457,76.2,4.68,89.6,457,76.2,4.68,89.6,9.75,9.75,728,123,3.87
HSS12X12X3/8,16,12,12,0.375,0.349,58.1,31.5,31.5,357,59.5,4.73,69.2,357,59.5,4.73,69.2,10.3125,10.3125,561,94.6,3.9
HSS12X12X5/16,13.4,12,12,0.3125,0.291,48.86,38.1,38.1,304,50.7,4.76,58.6,304,50.7,4.76,58.6,10.625,10.625,474,79.7,3.92
HSS12X12X1/4,10.8,12,12,0.25,0.233,39.43,48.5,48.5,248,41.4,4.79,47.6,248,41.4,4.79,47.6,10.875,10.875,384,64.5,3.93
HSS12X12X3/16,8.15,12,12,0.1875,0.174,29.84,66.1,66.1,189,31.5,4.82,36,189,31.5,4.82,36,11.1875,11.1875,290,48.6,3.95
HSS12X10X1/2,19,12,10,0.5,0.465,69.27,18.5,22.8,395,65.9,4.56,78.8,298,59.7,3.96,69.6,9.75,7.75,545,102,3.53
HSS12X10X3/8,14.6,12,10,0.375,0.349,53,25.6,31.5,310,51.6,4.61,61.1,234,46.9,4.01,54,10.3125,8.3125,421,78.3,3.57
HSS12X10X5/16,12.2,12,10,0.3125,0.291,44.6,31.4,38.1,264,44,4.64,51.7,200,40,4.04,45.7,10.5625,8.5625,356,66.1,3.58
HSS12X10X1/4,9.9,12,10,0.25,0.233,36.03,39.9,48.5,216,36,4.67,42.1,164,32.7,4.07,37.2,10.875,8.875,289,53.5,3.6
HSS12X8X5/8,21,12,8,0.625,0.581,76.33,10.8,17.7,397,66.1,4.34,82.1,210,52.5,3.16,61.9,9.1875,5.1875,454,97.7,3.17
HSS12X8X1/2,17.2,12,8,0.5,0.465,62.46,14.2,22.8,333,55.6,4.41,68.1,178,44.4,3.21,51.5,9.75,5.75,377,80.4,3.2
HSS12X8X3/8,13.2,12,8,0.375,0.349,47.9,19.9,31.5,262,43.7,4.47,53,140,35.1,3.27,40.1,10.3125,6.3125,293,62.1,3.23
HSS12X8X5/16,11.1,12,8,0.3125,0.291,40.35,24.5,38.1,224,37.4,4.5,44.9,120,30.1,3.29,34.1,10.5625,6.5625,248,52.4,3.25
HSS12X8X1/4,8.96,12,8,0.25,0.233,32.63,31.3,48.5,184,30.6,4.53,36.6,98.8,24.7,3.32,27.8,10.875,6.875,202,42.5,3.27
HSS12X8X3/16,6.76,12,8,0.1875,0.174,24.73,43,66.1,140,23.4,4.56,27.8,75.7,18.9,3.35,21.1,11.125,7.125,153,32.2,3.28
HSS12X6X5/8,18.7,12,6,0.625,0.581,67.82,7.33,17.7,321,53.4,4.14,68.8,107,35.5,2.39,42.1,9.1875,3.1875,271,71.1,2.83
HSS12X6X1/2,15.3,12,6,0.5,0.465,55.66,9.91,22.8,271,45.2,4.21,57.4,91.1,30.4,2.44,35.2,9.75,3.75,227,59,2.87
HSS12X6X3/8,11.8,12,6,0.375,0.349,42.79,14.2,31.5,215,35.9,4.28,44.8,72.9,24.3,2.49,27.7,10.3125,4.3125,178,45.8,2.9
HSS12X6X5/16,9.92,12,6,0.3125,0.291,36.1,17.6,38.1,184,30.7,4.31,38.1,62.8,20.9,2.52,23.6,10.5625,4.5625,152,38.8,2.92
HSS12X6X1/4,8.03,12,6,0.25,0.233,29.23,22.7,48.5,151,25.2,4.34,31.1,51.9,17.3,2.54,19.3,10.875,4.875,124,31.6,2.93
HSS12X6X3/16,6.06,12,6,0.1875,0.174,22.18,31.5,66.1,116,19.4,4.38,23.7,40,13.3,2.57,14.7,11.1875,5.1875,94.6,24,2.95
HSS12X4X5/8,16.4,12,4,0.625,0.581,59.32,3.89,17.7,245,40.8,3.87,55.5,40.4,20.2,1.57,24.5,9.1875,---,122,44.6,2.5
HSS12X4X1/2,13.5,12,4,0.5,0.465,48.85,5.59,22.8,210,34.9,3.95,46.7,35.3,17.7,1.62,20.9,9.75,---,105,37.5,2.53
HSS12X4X3/8,10.4,12,4,0.375,0.349,37.69,8.45,31.5,168,28,4.02,36.7,28.9,14.5,1.67,16.6,10.3125,2.3125,84.1,29.5,2.57
HSS12X4X5/16,8.76,12,4,0.3125,0.291,31.84,10.8,38.1,144,24.1,4.06,31.3,25.2,12.6,1.7,14.2,10.625,2.625,72.4,25.2,2.58
HSS12X4X1/4,7.1,12,4,0.25,0.233,25.82,14.2,48.5,119,19.9,4.1,25.6,21,10.5,1.72,11.7,10.875,2.875,59.8,20.6,2.6
HSS12X4X3/16,5.37,12,4,0.1875,0.174,19.63,20,66.1,91.8,15.3,4.13,19.6,16.4,8.2,1.75,9,11.1875,3.1875,46.1,15.7,2.62
HSS12X3-1/2X3/8,10,12,3.5,0.375,0.349,36.41,7.02,31.5,156,26,3.94,34.7,21.3,12.2,1.46,14,10.3125,---,64.7,25.5,2.48
HSS12X3-1/2X5/16,8.46,12,3.5,0.3125,0.291,30.78,9.04,38.1,134,22.4,3.98,29.6,18.6,10.6,1.48,12.1,10.625,---,56,21.8,2.5
HSS12X3X5/16,8.17,12,3,0.3125,0.291,29.72,7.32,38.1,124,20.7,3.9,27.9,13.1,8.73,1.27,10,10.625,---,41.3,18.4,2.42
HSS12X3X1/4,6.63,12,3,0.25,0.233,24.12,9.87,48.5,103,17.2,3.94,22.9,11.1,7.38,1.29,8.28,10.875,---,34.5,15.1,2.43
HSS12X3X3/16,5.02,12,3,0.1875,0.174,18.35,14.3,66.1,79.6,13.3,3.98,17.5,8.72,5.81,1.32,6.4,11.1875,2.1875,26.8,11.6,2.45
HSS12X2X5/16,7.59,12,2,0.3125,0.291,27.59,3.88,38.1,104,17.4,3.71,24.5,5.1,5.1,0.82,6.05,10.625,---,17.6,11.6,2.25
HSS12X2X1/4,6.17,12,2,0.25,0.233,22.42,5.58,48.5,86.9,14.5,3.75,20.1,4.41,4.41,0.845,5.08,10.875,---,15.1,9.64,2.27
HSS12X2X3/16,4.67,12,2,0.1875,0.174,17.08,8.51,66.1,67.4,11.2,3.8,15.5,3.55,3.55,0.872,3.97,11.1875,---,12,7.49,2.28
HSS10X10X5/8,21,10,10,0.625,0.581,76.33,14.2,14.2,304,60.8,3.8,73.2,304,60.8,3.8,73.2,7.1875,7.1875,498,102,3.17
HSS10X10X1/2,17.2,10,10,0.5,0.465,62.46,18.5,18.5,256,51.2,3.86,60.7,256,51.2,3.86,60.7,7.75,7.75,412,84.2,3.2
HSS10X10X3/8,13.2,10,10,0.375,0.349,47.9,25.6,25.6,202,40.4,3.92,47.2,202,40.4,3.92,47.2,8.3125,8.3125,320,64.8,3.23
HSS10X10X5/16,11.1,10,10,0.3125,0.291,40.35,31.4,31.4,172,34.5,3.94,40.1,172,34.5,3.94,40.1,8.625,8.625,271,54.8,3.25
HSS10X10X1/4,8.96,10,10,0.25,0.233,32.63,39.9,39.9,141,28.3,3.97,32.7,141,28.3,3.97,32.7,8.875,8.875,220,44.4,3.27
HSS10X10X3/16,6.76,10,10,0.1875,0.174,24.73,54.5,54.5,108,21.6,4,24.8,108,21.6,4,24.8,9.1875,9.1875,167,33.6,3.28
HSS10X8X5/8,18.7,10,8,0.625,0.581,67.82,10.8,14.2,253,50.5,3.68,62.2,178,44.5,3.09,53.3,7.1875,5.1875,346,80.4,2.83
HSS10X8X1/2,15.3,10,8,0.5,0.465,55.66,14.2,18.5,214,42.7,3.73,51.9,151,37.8,3.14,44.5,7.75,5.75,288,66.4,2.87
HSS10X8X3/8,11.8,10,8,0.375,0.349,42.79,19.9,25.6,169,33.9,3.79,40.5,120,30,3.19,34.8,8.3125,6.3125,224,51.4,2.9
HSS10X8X5/16,9.92,10,8,0.3125,0.291,36.1,24.5,31.4,145,29,3.82,34.4,103,25.7,3.22,29.6,8.625,6.625,190,43.5,2.92
HSS10X8X1/4,8.03,10,8,0.25,0.233,29.23,31.3,39.9,119,23.8,3.85,28.1,84.7,21.2,3.25,24.2,8.875,6.875,155,35.3,2.93
HSS10X8X3/16,6.06,10,8,0.1875,0.174,22.18,43,54.5,91.4,18.3,3.88,21.4,65.1,16.3,3.28,18.4,9.1875,7.1875,118,26.7,2.95
HSS10X6X5/8,16.4,10,6,0.625,0.581,59.32,7.33,14.2,201,40.2,3.5,51.3,89.4,29.8,2.34,35.8,7.1875,3.1875,209,58.6,2.5
HSS10X6X1/2,13.5,10,6,0.5,0.465,48.85,9.91,18.5,171,34.3,3.57,43,76.8,25.6,2.39,30.1,7.75,3.75,176,48.7,2.53
HSS10X6X3/8,10.4,10,6,0.375,0.349,37.69,14.2,25.6,137,27.4,3.63,33.8,61.8,20.6,2.44,23.7,8.3125,4.3125,139,37.9,2.57
HSS10X6X5/16,8.76,10,6,0.3125,0.291,31.84,17.6,31.4,118,23.5,3.66,28.8,53.3,17.8,2.47,20.2,8.625,4.625,118,32.2,2.58
HSS10X6X1/4,7.1,10,6,0.25,0.233,25.82,22.7,39.9,96.9,19.4,3.69,23.6,44.1,14.7,2.49,16.6,8.875,4.875,96.7,26.2,2.6
HSS10X6X3/16,5.37,10,6,0.1875,0.174,19.63,31.5,54.5,74.6,14.9,3.73,18,34.1,11.4,2.52,12.7,9.1875,5.1875,73.8,19.9,2.62
HSS10X5X3/8,9.67,10,5,0.375,0.349,35.13,11.3,25.6,120,24.1,3.53,30.4,40.6,16.2,2.05,18.7,8.3125,3.3125,100,31.2,2.4
HSS10X5X5/16,8.17,10,5,0.3125,0.291,29.72,14.2,31.4,104,20.8,3.56,26,35.2,14.1,2.07,16,8.625,3.625,86,26.5,2.42
HSS10X5X1/4,6.63,10,5,0.25,0.233,24.12,18.5,39.9,85.8,17.2,3.6,21.3,29.3,11.7,2.1,13.2,8.875,3.875,70.7,21.6,2.43
HSS10X5X3/16,5.02,10,5,0.1875,0.174,18.35,25.7,54.5,66.2,13.2,3.63,16.3,22.7,9.09,2.13,10.1,9.1875,4.1875,54.1,16.5,2.45
HSS10X4X5/8,14,10,4,0.625,0.581,50.81,3.89,14.2,149,29.9,3.26,40.3,33.5,16.8,1.54,20.6,7.1875,---,95.7,36.7,2.17
HSS10X4X1/2,11.6,10,4,0.5,0.465,42.05,5.59,18.5,129,25.8,3.34,34.1,29.5,14.7,1.59,17.6,7.75,---,82.6,31,2.2
HSS10X4X3/8,8.97,10,4,0.375,0.349,32.58,8.45,25.6,104,20.8,3.41,27,24.3,12.1,1.64,14,8.3125,2.3125,66.5,24.4,2.23
HSS10X4X5/16,7.59,10,4,0.3125,0.291,27.59,10.8,31.4,90.1,18,3.44,23.1,21.2,10.6,1.67,12.1,8.625,2.625,57.3,20.9,2.25
HSS10X4X1/4,6.17,10,4,0.25,0.233,22.42,14.2,39.9,74.7,14.9,3.48,19,17.7,8.87,1.7,10,8.875,2.875,47.4,17.1,2.27
HSS10X4X3/16,4.67,10,4,0.1875,0.174,17.08,20,54.5,57.8,11.6,3.52,14.6,13.9,6.93,1.72,7.66,9.1875,3.1875,36.5,13.1,2.28
HSS10X4X1/8,3.16,10,4,0.125,0.116,11.56,31.5,83.2,39.8,7.97,3.55,10,9.65,4.83,1.75,5.26,9.4375,3.4375,25.1,8.9,2.3
HSS10X3-1/2X1/2,11.1,10,3.5,0.5,0.465,40.34,4.52,18.5,118,23.7,3.26,31.9,21.4,12.2,1.39,14.7,7.75,---,63.2,26.5,2.12
HSS10X3-1/2X3/8,8.62,10,3.5,0.375,0.349,31.31,7.02,25.6,96.1,19.2,3.34,25.3,17.8,10.2,1.44,11.8,8.3125,---,51.5,21.1,2.15
HSS10X3-1/2X5/16,7.3,10,3.5,0.3125,0.291,26.53,9.04,31.4,83.2,16.6,3.38,21.7,15.6,8.92,1.46,10.2,8.625,---,44.6,18,2.17
HSS10X3-1/2X1/4,5.93,10,3.5,0.25,0.233,21.57,12,39.9,69.1,13.8,3.41,17.9,13.1,7.51,1.49,8.45,8.875,---,37,14.8,2.18
HSS10X3-1/2X3/16,4.5,10,3.5,0.1875,0.174,16.44,17.1,54.5,53.6,10.7,3.45,13.7,10.3,5.89,1.51,6.52,9.1875,2.6875,28.6,11.4,2.2
HSS10X3-1/2X1/8,3.04,10,3.5,0.125,0.116,11.13,27.2,83.2,37,7.4,3.49,9.37,7.22,4.12,1.54,4.48,9.4375,2.9375,19.8,7.75,2.22
HSS10X3X3/8,8.27,10,3,0.375,0.349,30.03,5.59,25.6,88,17.6,3.26,23.7,12.4,8.28,1.22,9.73,8.3125,---,37.8,17.7,2.07
HSS10X3X5/16,7.01,10,3,0.3125,0.291,25.46,7.32,31.4,76.3,15.3,3.3,20.3,11,7.3,1.25,8.42,8.625,---,33,15.2,2.08
HSS10X3X1/4,5.7,10,3,0.25,0.233,20.72,9.87,39.9,63.6,12.7,3.34,16.7,9.28,6.19,1.28,6.99,8.875,---,27.6,12.5,2.1
HSS10X3X3/16,4.32,10,3,0.1875,0.174,15.8,14.3,54.5,49.4,9.87,3.38,12.8,7.33,4.89,1.3,5.41,9.1875,2.1875,21.5,9.64,2.12
HSS10X3X1/8,2.93,10,3,0.125,0.116,10.71,22.8,83.2,34.2,6.83,3.42,8.8,5.16,3.44,1.33,3.74,9.4375,2.4375,14.9,6.61,2.13
HSS10X2X3/8,7.58,10,2,0.375,0.349,27.48,2.73,25.6,71.7,14.3,3.08,20.3,4.7,4.7,0.787,5.76,8.3125,---,15.9,11,1.9
HSS10X2X5/16,6.43,10,2,0.3125,0.291,23.34,3.88,31.4,62.6,12.5,3.12,17.5,4.24,4.24,0.812,5.06,8.625,---,14.2,9.56,1.92
HSS10X2X1/4,5.24,10,2,0.25,0.233,19.02,5.58,39.9,52.5,10.5,3.17,14.4,3.67,3.67,0.838,4.26,8.875,---,12.2,7.99,1.93
HSS10X2X3/16,3.98,10,2,0.1875,0.174,14.53,8.51,54.5,41,8.19,3.21,11.1,2.97,2.97,0.864,3.34,9.1875,---,9.74,6.22,1.95
HSS10X2X1/8,2.7,10,2,0.125,0.116,9.86,14.2,83.2,28.5,5.7,3.25,7.65,2.14,2.14,0.89,2.33,9.4375,---,6.9,4.31,1.97
HSS9X9X5/8,18.7,9,9,0.625,0.581,67.82,12.5,12.5,216,47.9,3.4,58.1,216,47.9,3.4,58.1,6.1875,6.1875,356,81.6,2.83
HSS9X9X1/2,15.3,9,9,0.5,0.465,55.66,16.3,16.3,183,40.6,3.45,48.4,183,40.6,3.45,48.4,6.75,6.75,296,67.4,2.87
HSS9X9X3/8,11.8,9,9,0.375,0.349,42.79,22.8,22.8,145,32.2,3.51,37.8,145,32.2,3.51,37.8,7.3125,7.3125,231,52.1,2.9
HSS9X9X5/16,9.92,9,9,0.3125,0.291,36.1,27.9,27.9,124,27.6,3.54,32.1,124,27.6,3.54,32.1,7.625,7.625,196,44,2.92
HSS9X9X1/4,8.03,9,9,0.25,0.233,29.23,35.6,35.6,102,22.7,3.56,26.2,102,22.7,3.56,26.2,7.875,7.875,159,35.8,2.93
HSS9X9X3/16,6.06,9,9,0.1875,0.174,22.18,48.7,48.7,78.2,17.4,3.59,20,78.2,17.4,3.59,20,8.1875,8.1875,121,27.1,2.95
HSS9X9X1/8,4.09,9,9,0.125,0.116,14.96,74.6,74.6,53.5,11.9,3.62,13.6,53.5,11.9,3.62,13.6,8.4375,8.4375,82,18.3,2.97
HSS9X7X5/8,16.4,9,7,0.625,0.581,59.32,9.05,12.5,174,38.7,3.26,48.3,117,33.5,2.68,40.5,6.1875,4.1875,235,62,2.5
HSS9X7X1/2,13.5,9,7,0.5,0.465,48.85,12,16.3,149,33,3.32,40.5,100,28.7,2.73,34,6.75,4.75,197,51.5,2.53
HSS9X7X3/8,10.4,9,7,0.375,0.349,37.69,17,22.8,119,26.4,3.38,31.8,80.4,23,2.78,26.7,7.3125,5.3125,154,40,2.57
HSS9X7X5/16,8.76,9,7,0.3125,0.291,31.84,21.1,27.9,102,22.6,3.41,27.1,69.2,19.8,2.81,22.8,7.625,5.625,131,33.9,2.58
HSS9X7X1/4,7.1,9,7,0.25,0.233,25.82,27,35.6,84.1,18.7,3.44,22.2,57.2,16.3,2.84,18.7,7.875,5.875,107,27.6,2.6
HSS9X7X3/16,5.37,9,7,0.1875,0.174,19.63,37.2,48.7,64.7,14.4,3.47,16.9,44.1,12.6,2.87,14.3,8.1875,6.1875,81.7,20.9,2.62
HSS9X5X5/8,14,9,5,0.625,0.581,50.81,5.61,12.5,133,29.6,3.08,38.5,52,20.8,1.92,25.3,6.1875,2.1875,128,42.5,2.17
HSS9X5X1/2,11.6,9,5,0.5,0.465,42.05,7.74,16.3,115,25.5,3.14,32.5,45.2,18.1,1.97,21.5,6.75,2.75,109,35.6,2.2
HSS9X5X3/8,8.97,9,5,0.375,0.349,32.58,11.3,22.8,92.5,20.5,3.21,25.7,36.8,14.7,2.03,17.1,7.3125,3.3125,86.9,27.9,2.23
HSS9X5X5/16,7.59,9,5,0.3125,0.291,27.59,14.2,27.9,79.8,17.7,3.24,22,32,12.8,2.05,14.6,7.625,3.625,74.4,23.8,2.25
HSS9X5X1/4,6.17,9,5,0.25,0.233,22.42,18.5,35.6,66.1,14.7,3.27,18.1,26.6,10.6,2.08,12,7.875,3.875,61.2,19.4,2.27
HSS9X5X3/16,4.67,9,5,0.1875,0.174,17.08,25.7,48.7,51.1,11.4,3.31,13.8,20.7,8.28,2.1,9.25,8.1875,4.1875,46.9,14.8,2.28
HSS9X3X1/2,9.74,9,3,0.5,0.465,35.24,3.44,16.3,80.8,18,2.88,24.6,13.2,8.81,1.17,10.8,6.75,---,40,19.7,1.87
HSS9X3X3/8,7.58,9,3,0.375,0.349,27.48,5.59,22.8,66.3,14.7,2.96,19.7,11.2,7.45,1.21,8.8,7.3125,---,33.1,15.8,1.9
HSS9X3X5/16,6.43,9,3,0.3125,0.291,23.34,7.32,27.9,57.7,12.8,3,16.9,9.88,6.59,1.24,7.63,7.625,---,28.9,13.6,1.92
HSS9X3X1/4,5.24,9,3,0.25,0.233,19.02,9.87,35.6,48.2,10.7,3.04,14,8.38,5.59,1.27,6.35,7.875,---,24.2,11.3,1.93
HSS9X3X3/16,3.98,9,3,0.1875,0.174,14.53,14.3,48.7,37.6,8.35,3.07,10.8,6.64,4.42,1.29,4.92,8.1875,2.1875,18.9,8.66,1.95
HSS8X8X5/8,16.4,8,8,0.625,0.581,59.32,10.8,10.8,146,36.5,2.99,44.7,146,36.5,2.99,44.7,5.1875,5.1875,244,63.2,2.5
HSS8X8X1/2,13.5,8,8,0.5,0.465,48.85,14.2,14.2,125,31.2,3.04,37.5,125,31.2,3.04,37.5,5.75,5.75,204,52.4,2.53
HSS8X8X3/8,10.4,8,8,0.375,0.349,37.69,19.9,19.9,100,24.9,3.1,29.4,100,24.9,3.1,29.4,6.3125,6.3125,160,40.7,2.57
HSS8X8X5/16,8.76,8,8,0.3125,0.291,31.84,24.5,24.5,85.6,21.4,3.13,25.1,85.6,21.4,3.13,25.1,6.625,6.625,136,34.5,2.58
HSS8X8X1/4,7.1,8,8,0.25,0.233,25.82,31.3,31.3,70.7,17.7,3.15,20.5,70.7,17.7,3.15,20.5,6.875,6.875,111,28.1,2.6
HSS8X8X3/16,5.37,8,8,0.1875,0.174,19.63,43,43,54.4,13.6,3.18,15.7,54.4,13.6,3.18,15.7,7.1875,7.1875,84.5,21.3,2.62
HSS8X8X1/8,3.62,8,8,0.125,0.116,13.26,65.9,65.9,37.4,9.34,3.21,10.7,37.4,9.34,3.21,10.7,7.4375,7.4375,57.3,14.4,2.63
HSS8X6X5/8,14,8,6,0.625,0.581,50.81,7.33,10.8,114,28.5,2.85,36.1,72.3,24.1,2.27,29.5,5.1875,3.1875,150,46,2.17
HSS8X6X1/2,11.6,8,6,0.5,0.465,42.05,9.91,14.2,98.2,24.6,2.91,30.5,62.5,20.8,2.32,24.9,5.75,3.75,127,38.4,2.2
HSS8X6X3/8,8.97,8,6,0.375,0.349,32.58,14.2,19.9,79.1,19.8,2.97,24.1,50.6,16.9,2.38,19.8,6.3125,4.3125,100,30,2.23
HSS8X6X5/16,7.59,8,6,0.3125,0.291,27.59,17.6,24.5,68.3,17.1,3,20.6,43.8,14.6,2.4,16.9,6.625,4.625,85.8,25.5,2.25
HSS8X6X1/4,6.17,8,6,0.25,0.233,22.42,22.7,31.3,56.6,14.2,3.03,16.9,36.4,12.1,2.43,13.9,6.875,4.875,70.3,20.8,2.27
HSS8X6X3/16,4.67,8,6,0.1875,0.174,17.08,31.5,43,43.7,10.9,3.06,13,28.2,9.39,2.46,10.7,7.1875,5.1875,53.7,15.8,2.28
HSS8X4X5/8,11.7,8,4,0.625,0.581,42.3,3.89,10.8,82,20.5,2.64,27.4,26.6,13.3,1.51,16.6,5.1875,---,70.3,28.7,1.83
HSS8X4X1/2,9.74,8,4,0.5,0.465,35.24,5.59,14.2,71.8,17.9,2.71,23.5,23.6,11.8,1.56,14.3,5.75,---,61.1,24.4,1.87
HSS8X4X3/8,7.58,8,4,0.375,0.349,27.48,8.45,19.9,58.7,14.7,2.78,18.8,19.6,9.8,1.61,11.5,6.3125,2.3125,49.3,19.3,1.9
HSS8X4X5/16,6.43,8,4,0.3125,0.291,23.34,10.8,24.5,51,12.8,2.82,16.1,17.2,8.58,1.63,9.91,6.625,2.625,42.6,16.5,1.92
HSS8X4X1/4,5.24,8,4,0.25,0.233,19.02,14.2,31.3,42.5,10.6,2.85,13.3,14.4,7.21,1.66,8.2,6.875,2.875,35.3,13.6,1.93
HSS8X4X3/16,3.98,8,4,0.1875,0.174,14.53,20,43,33.1,8.27,2.88,10.2,11.3,5.65,1.69,6.33,7.1875,3.1875,27.2,10.4,1.95
HSS8X4X1/8,2.7,8,4,0.125,0.116,9.86,31.5,65.9,22.9,5.73,2.92,7.02,7.9,3.95,1.71,4.36,7.4375,3.4375,18.7,7.1,1.97
HSS8X3X1/2,8.81,8,3,0.5,0.465,31.84,3.44,14.2,58.6,14.6,2.58,20,11.7,7.81,1.15,9.64,5.75,---,34.3,17.4,1.7
HSS8X3X3/8,6.88,8,3,0.375,0.349,24.93,5.59,19.9,48.5,12.1,2.65,16.1,10,6.63,1.2,7.88,6.3125,---,28.5,14,1.73
HSS8X3X5/16,5.85,8,3,0.3125,0.291,21.21,7.32,24.5,42.4,10.6,2.69,13.9,8.81,5.87,1.23,6.84,6.625,---,24.9,12.1,1.75
HSS8X3X1/4,4.77,8,3,0.25,0.233,17.32,9.87,31.3,35.5,8.88,2.73,11.5,7.49,4.99,1.25,5.7,6.875,---,20.8,10,1.77
HSS8X3X3/16,3.63,8,3,0.1875,0.174,13.25,14.3,43,27.8,6.94,2.77,8.87,5.94,3.96,1.28,4.43,7.1875,2.1875,16.2,7.68,1.78
HSS8X3X1/8,2.46,8,3,0.125,0.116,9.01,22.8,65.9,19.3,4.83,2.8,6.11,4.2,2.8,1.31,3.07,7.4375,2.4375,11.3,5.27,1.8
HSS8X2X3/8,6.18,8,2,0.375,0.349,22.37,2.73,19.9,38.2,9.56,2.49,13.4,3.73,3.73,0.777,4.61,6.3125,---,12.1,8.65,1.57
HSS8X2X5/16,5.26,8,2,0.3125,0.291,19.08,3.88,24.5,33.7,8.43,2.53,11.6,3.38,3.38,0.802,4.06,6.625,---,10.9,7.57,1.58
HSS8X2X1/4,4.3,8,2,0.25,0.233,15.62,5.58,31.3,28.5,7.12,2.57,9.68,2.94,2.94,0.827,3.43,6.875,---,9.36,6.35,1.6
HSS8X2X3/16,3.28,8,2,0.1875,0.174,11.97,8.51,43,22.4,5.61,2.61,7.51,2.39,2.39,0.853,2.7,7.1875,---,7.48,4.95,1.62
HSS8X2X1/8,2.23,8,2,0.125,0.116,8.16,14.2,65.9,15.7,3.93,2.65,5.19,1.72,1.72,0.879,1.9,7.4375,---,5.3,3.44,1.63
HSS7X7X5/8,14,7,7,0.625,0.581,50.81,9.05,9.05,93.4,26.7,2.58,33.1,93.4,26.7,2.58,33.1,4.1875,4.1875,158,47.1,2.17
HSS7X7X1/2,11.6,7,7,0.5,0.465,42.05,12,12,80.5,23,2.63,27.9,80.5,23,2.63,27.9,4.75,4.75,133,39.3,2.2
HSS7X7X3/8,8.97,7,7,0.375,0.349,32.58,17,17,65,18.6,2.69,22.1,65,18.6,2.69,22.1,5.3125,5.3125,105,30.7,2.23
HSS7X7X5/16,7.59,7,7,0.3125,0.291,27.59,21.1,21.1,56.1,16,2.72,18.9,56.1,16,2.72,18.9,5.625,5.625,89.7,26.1,2.25
HSS7X7X1/4,6.17,7,7,0.25,0.233,22.42,27,27,46.5,13.3,2.75,15.5,46.5,13.3,2.75,15.5,5.875,5.875,73.5,21.3,2.27
HSS7X7X3/16,4.67,7,7,0.1875,0.174,17.08,37.2,37.2,36,10.3,2.77,11.9,36,10.3,2.77,11.9,6.1875,6.1875,56.1,16.2,2.28
HSS7X7X1/8,3.16,7,7,0.125,0.116,11.56,57.3,57.3,24.8,7.09,2.8,8.13,24.8,7.09,2.8,8.13,6.4375,6.4375,38.2,11,2.3
HSS7X5X1/2,9.74,7,5,0.5,0.465,35.24,7.74,12,60.6,17.3,2.5,21.9,35.6,14.2,1.91,17.3,4.75,2.75,75.8,27.2,1.87
HSS7X5X3/8,7.58,7,5,0.375,0.349,27.48,11.3,17,49.5,14.1,2.56,17.5,29.3,11.7,1.97,13.8,5.3125,3.3125,60.6,21.4,1.9
HSS7X5X5/16,6.43,7,5,0.3125,0.291,23.34,14.2,21.1,43,12.3,2.59,15,25.5,10.2,1.99,11.9,5.625,3.625,52.1,18.3,1.92
HSS7X5X1/4,5.24,7,5,0.25,0.233,19.02,18.5,27,35.9,10.2,2.62,12.4,21.3,8.53,2.02,9.83,5.875,3.875,42.9,15,1.93
HSS7X5X3/16,3.98,7,5,0.1875,0.174,14.53,25.7,37.2,27.9,7.96,2.65,9.52,16.6,6.65,2.05,7.57,6.1875,4.1875,32.9,11.4,1.95
HSS7X5X1/8,2.7,7,5,0.125,0.116,9.86,40.1,57.3,19.3,5.52,2.68,6.53,11.6,4.63,2.07,5.2,6.4375,4.4375,22.5,7.79,1.97
HSS7X4X1/2,8.81,7,4,0.5,0.465,31.84,5.59,12,50.7,14.5,2.4,18.8,20.7,10.4,1.53,12.6,4.75,---,50.5,21.1,1.7
HSS7X4X3/8,6.88,7,4,0.375,0.349,24.93,8.45,17,41.8,11.9,2.46,15.1,17.3,8.63,1.58,10.2,5.3125,2.3125,41,16.8,1.73
HSS7X4X5/16,5.85,7,4,0.3125,0.291,21.21,10.8,21.1,36.5,10.4,2.5,13.1,15.2,7.58,1.61,8.83,5.625,2.625,35.4,14.4,1.75
HSS7X4X1/4,4.77,7,4,0.25,0.233,17.32,14.2,27,30.5,8.72,2.53,10.8,12.8,6.38,1.64,7.33,5.875,2.875,29.3,11.8,1.77
HSS7X4X3/16,3.63,7,4,0.1875,0.174,13.25,20,37.2,23.8,6.81,2.56,8.33,10,5.02,1.66,5.67,6.125,3.125,22.7,9.07,1.78
HSS7X4X1/8,2.46,7,4,0.125,0.116,9.01,31.5,57.3,16.6,4.73,2.59,5.73,7.03,3.51,1.69,3.91,6.4375,3.4375,15.6,6.2,1.8
HSS7X3X1/2,7.88,7,3,0.5,0.465,28.43,3.44,12,40.7,11.6,2.27,15.8,10.2,6.8,1.14,8.46,4.75,---,28.6,15,1.53
HSS7X3X3/8,6.18,7,3,0.375,0.349,22.37,5.59,17,34.1,9.73,2.35,12.8,8.71,5.81,1.19,6.95,5.3125,---,23.9,12.1,1.57
HSS7X3X5/16,5.26,7,3,0.3125,0.291,19.08,7.32,21.1,29.9,8.54,2.38,11.1,7.74,5.16,1.21,6.05,5.625,---,20.9,10.5,1.58
HSS7X3X1/4,4.3,7,3,0.25,0.233,15.62,9.87,27,25.2,7.19,2.42,9.22,6.6,4.4,1.24,5.06,5.875,---,17.5,8.68,1.6
HSS7X3X3/16,3.28,7,3,0.1875,0.174,11.97,14.3,37.2,19.8,5.65,2.45,7.14,5.24,3.5,1.26,3.94,6.1875,2.1875,13.7,6.69,1.62
HSS7X3X1/8,2.23,7,3,0.125,0.116,8.16,22.8,57.3,13.8,3.95,2.49,4.93,3.71,2.48,1.29,2.73,6.4375,2.4375,9.48,4.6,1.63
HSS7X2X1/4,3.84,7,2,0.25,0.233,13.91,5.58,27,19.8,5.67,2.27,7.64,2.58,2.58,0.819,3.02,5.875,---,7.95,5.52,1.43
HSS7X2X3/16,2.93,7,2,0.1875,0.174,10.7,8.51,37.2,15.7,4.49,2.31,5.95,2.1,2.1,0.845,2.39,6.1875,---,6.35,4.32,1.45
HSS7X2X1/8,2,7,2,0.125,0.116,7.31,14.2,57.3,11.1,3.16,2.35,4.13,1.52,1.52,0.871,1.68,6.4375,---,4.51,3,1.47
HSS6X6X5/8,11.7,6,6,0.625,0.581,42.3,7.33,7.33,55.2,18.4,2.17,23.2,55.2,18.4,2.17,23.2,3.1875,3.1875,94.9,33.4,1.83
HSS6X6X1/2,9.74,6,6,0.5,0.465,35.24,9.91,9.91,48.3,16.1,2.23,19.8,48.3,16.1,2.23,19.8,3.75,3.75,81.1,28.1,1.87
HSS6X6X3/8,7.58,6,6,0.375,0.349,27.48,14.2,14.2,39.5,13.2,2.28,15.8,39.5,13.2,2.28,15.8,4.3125,4.3125,64.6,22.1,1.9
HSS6X6X5/16,6.43,6,6,0.3125,0.291,23.34,17.6,17.6,34.3,11.4,2.31,13.6,34.3,11.4,2.31,13.6,4.625,4.625,55.4,18.9,1.92
HSS6X6X1/4,5.24,6,6,0.25,0.233,19.02,22.7,22.7,28.6,9.54,2.34,11.2,28.6,9.54,2.34,11.2,4.875,4.875,45.6,15.4,1.93
HSS6X6X3/16,3.98,6,6,0.1875,0.174,14.53,31.5,31.5,22.3,7.42,2.37,8.63,22.3,7.42,2.37,8.63,5.1875,5.1875,35,11.8,1.95
HSS6X6X1/8,2.7,6,6,0.125,0.116,9.86,48.7,48.7,15.5,5.15,2.39,5.92,15.5,5.15,2.39,5.92,5.4375,5.4375,23.9,8.03,1.97
HSS6X5X1/2,8.81,6,5,0.5,0.465,31.84,7.74,9.91,41.1,13.7,2.16,17.2,30.8,12.3,1.87,15.2,3.75,2.75,59.8,23,1.7
HSS6X5X3/8,6.88,6,5,0.375,0.349,24.93,11.3,14.2,33.9,11.3,2.22,13.8,25.5,10.2,1.92,12.2,4.3125,3.3125,48.1,18.2,1.73
HSS6X5X5/16,5.85,6,5,0.3125,0.291,21.21,14.2,17.6,29.6,9.85,2.25,11.9,22.3,8.91,1.95,10.5,4.625,3.625,41.4,15.6,1.75
HSS6X5X1/4,4.77,6,5,0.25,0.233,17.32,18.5,22.7,24.7,8.25,2.28,9.87,18.7,7.47,1.98,8.72,4.875,3.875,34.2,12.8,1.77
HSS6X5X3/16,3.63,6,5,0.1875,0.174,13.25,25.7,31.5,19.3,6.44,2.31,7.62,14.6,5.84,2.01,6.73,5.1875,4.1875,26.3,9.76,1.78
HSS6X5X1/8,2.46,6,5,0.125,0.116,9.01,40.1,48.7,13.4,4.48,2.34,5.24,10.2,4.07,2.03,4.63,5.4375,4.4375,18,6.66,1.8
HSS6X4X1/2,7.88,6,4,0.5,0.465,28.43,5.59,9.91,34,11.3,2.08,14.6,17.8,8.89,1.5,11,3.75,---,40.3,17.8,1.53
HSS6X4X3/8,6.18,6,4,0.375,0.349,22.37,8.45,14.2,28.3,9.43,2.14,11.9,14.9,7.47,1.55,8.94,4.3125,2.3125,32.8,14.2,1.57
HSS6X4X5/16,5.26,6,4,0.3125,0.291,19.08,10.8,17.6,24.8,8.27,2.17,10.3,13.2,6.58,1.58,7.75,4.625,2.625,28.4,12.2,1.58
HSS6X4X1/4,4.3,6,4,0.25,0.233,15.62,14.2,22.7,20.9,6.96,2.2,8.53,11.1,5.56,1.61,6.45,4.875,2.875,23.6,10.1,1.6
HSS6X4X3/16,3.28,6,4,0.1875,0.174,11.97,20,31.5,16.4,5.46,2.23,6.6,8.76,4.38,1.63,5,5.1875,3.1875,18.2,7.74,1.62
HSS6X4X1/8,2.23,6,4,0.125,0.116,8.16,31.5,48.7,11.4,3.81,2.26,4.56,6.15,3.08,1.66,3.46,5.4375,3.4375,12.6,5.3,1.63
HSS6X3X1/2,6.95,6,3,0.5,0.465,25.03,3.44,9.91,26.8,8.95,1.97,12.1,8.69,5.79,1.12,7.28,3.75,---,23.1,12.7,1.37
HSS6X3X3/8,5.48,6,3,0.375,0.349,19.82,5.59,14.2,22.7,7.57,2.04,9.9,7.48,4.99,1.17,6.03,4.3125,---,19.3,10.3,1.4
HSS6X3X5/16,4.68,6,3,0.3125,0.291,16.96,7.32,17.6,20.1,6.69,2.07,8.61,6.67,4.45,1.19,5.27,4.625,---,16.9,8.91,1.42
HSS6X3X1/4,3.84,6,3,0.25,0.233,13.91,9.87,22.7,17,5.66,2.1,7.19,5.7,3.8,1.22,4.41,4.875,---,14.2,7.39,1.43
HSS6X3X3/16,2.93,6,3,0.1875,0.174,10.7,14.3,31.5,13.4,4.47,2.14,5.59,4.55,3.03,1.25,3.45,5.1875,2.1875,11.1,5.71,1.45
HSS6X3X1/8,2,6,3,0.125,0.116,7.31,22.8,48.7,9.43,3.14,2.17,3.87,3.23,2.15,1.27,2.4,5.4375,2.4375,7.73,3.93,1.47
HSS6X2X3/8,4.78,6,2,0.375,0.349,17.27,2.73,14.2,17.1,5.71,1.89,7.93,2.77,2.77,0.76,3.46,4.3125,---,8.42,6.35,1.23
HSS6X2X5/16,4.1,6,2,0.3125,0.291,14.83,3.88,17.6,15.3,5.11,1.93,6.95,2.52,2.52,0.785,3.07,4.625,---,7.6,5.58,1.25
HSS6X2X1/4,3.37,6,2,0.25,0.233,12.21,5.58,22.7,13.1,4.37,1.97,5.84,2.21,2.21,0.81,2.61,4.875,---,6.55,4.7,1.27
HSS6X2X3/16,2.58,6,2,0.1875,0.174,9.42,8.51,31.5,10.5,3.49,2.01,4.58,1.8,1.8,0.836,2.07,5.1875,---,5.24,3.68,1.28
HSS6X2X1/8,1.77,6,2,0.125,0.116,6.46,14.2,48.7,7.42,2.47,2.05,3.19,1.31,1.31,0.861,1.46,5.4375,---,3.72,2.57,1.3
HSS5-1/2X5-1/2X3/8,6.88,5.5,5.5,0.375,0.349,24.93,12.8,12.8,29.7,10.8,2.08,13.1,29.7,10.8,2.08,13.1,3.8125,3.8125,49,18.4,1.73
HSS5-1/2X5-1/2X5/16,5.85,5.5,5.5,0.3125,0.291,21.21,15.9,15.9,25.9,9.43,2.11,11.3,25.9,9.43,2.11,11.3,4.125,4.125,42.2,15.7,1.75
HSS5-1/2X5-1/2X1/4,4.77,5.5,5.5,0.25,0.233,17.32,20.6,20.6,21.7,7.9,2.13,9.32,21.7,7.9,2.13,9.32,4.375,4.375,34.8,12.9,1.77
HSS5-1/2X5-1/2X3/16,3.63,5.5,5.5,0.1875,0.174,13.25,28.6,28.6,17,6.17,2.16,7.19,17,6.17,2.16,7.19,4.6875,4.6875,26.7,9.85,1.78
HSS5-1/2X5-1/2X1/8,2.46,5.5,5.5,0.125,0.116,9.01,44.4,44.4,11.8,4.3,2.19,4.95,11.8,4.3,2.19,4.95,4.9375,4.9375,18.3,6.72,1.8
HSS5X5X1/2,7.88,5,5,0.5,0.465,28.43,7.74,7.74,26,10.4,1.82,13.1,26,10.4,1.82,13.1,2.75,2.75,44.6,18.7,1.53
HSS5X5X3/8,6.18,5,5,0.375,0.349,22.37,11.3,11.3,21.7,8.68,1.87,10.6,21.7,8.68,1.87,10.6,3.3125,3.3125,36.1,14.9,1.57
HSS5X5X5/16,5.26,5,5,0.3125,0.291,19.08,14.2,14.2,19,7.62,1.9,9.16,19,7.62,1.9,9.16,3.625,3.625,31.2,12.8,1.58
HSS5X5X1/4,4.3,5,5,0.25,0.233,15.62,18.5,18.5,16,6.41,1.93,7.61,16,6.41,1.93,7.61,3.875,3.875,25.8,10.5,1.6
HSS5X5X3/16,3.28,5,5,0.1875,0.174,11.97,25.7,25.7,12.6,5.03,1.96,5.89,12.6,5.03,1.96,5.89,4.1875,4.1875,19.9,8.08,1.62
HSS5X5X1/8,2.23,5,5,0.125,0.116,8.16,40.1,40.1,8.8,3.52,1.99,4.07,8.8,3.52,1.99,4.07,4.4375,4.4375,13.7,5.53,1.63
HSS5X4X1/2,6.95,5,4,0.5,0.465,25.03,5.59,7.74,21.2,8.49,1.75,10.9,14.9,7.43,1.46,9.35,2.75,---,30.3,14.5,1.37
HSS5X4X3/8,5.48,5,4,0.375,0.349,19.82,8.45,11.3,17.9,7.17,1.81,8.96,12.6,6.3,1.52,7.67,3.3125,2.3125,24.9,11.7,1.4
HSS5X4X5/16,4.68,5,4,0.3125,0.291,16.96,10.8,14.2,15.8,6.32,1.84,7.79,11.1,5.57,1.54,6.67,3.625,2.625,21.7,10.1,1.42
HSS5X4X1/4,3.84,5,4,0.25,0.233,13.91,14.2,18.5,13.4,5.35,1.87,6.49,9.46,4.73,1.57,5.57,3.875,2.875,18,8.32,1.43
HSS5X4X3/16,2.93,5,4,0.1875,0.174,10.7,20,25.7,10.6,4.22,1.9,5.05,7.48,3.74,1.6,4.34,4.1875,3.1875,14,6.41,1.45
HSS5X4X1/8,2,5,4,0.125,0.116,7.31,31.5,40.1,7.42,2.97,1.93,3.5,5.27,2.64,1.62,3.01,4.4375,3.4375,9.66,4.39,1.47
HSS5X3X1/2,6.02,5,3,0.5,0.465,21.63,3.44,7.74,16.4,6.57,1.65,8.83,7.18,4.78,1.09,6.1,2.75,---,17.6,10.3,1.2
HSS5X3X3/8,4.78,5,3,0.375,0.349,17.27,5.59,11.3,14.1,5.65,1.72,7.34,6.25,4.16,1.14,5.1,3.3125,---,14.9,8.44,1.23
HSS5X3X5/16,4.1,5,3,0.3125,0.291,14.83,7.32,14.2,12.6,5.03,1.75,6.42,5.6,3.73,1.17,4.48,3.625,---,13.1,7.33,1.25
HSS5X3X1/4,3.37,5,3,0.25,0.233,12.21,9.87,18.5,10.7,4.29,1.78,5.38,4.81,3.21,1.19,3.77,3.875,---,11,6.1,1.27
HSS5X3X3/16,2.58,5,3,0.1875,0.174,9.42,14.3,25.7,8.53,3.41,1.82,4.21,3.85,2.57,1.22,2.96,4.1875,2.1875,8.64,4.73,1.28
HSS5X3X1/8,1.77,5,3,0.125,0.116,6.46,22.8,40.1,6.03,2.41,1.85,2.93,2.75,1.83,1.25,2.07,4.4375,2.4375,6.02,3.26,1.3
HSS5X2-1/2X1/4,3.14,5,2.5,0.25,0.233,11.36,7.73,18.5,9.4,3.76,1.73,4.83,3.13,2.5,0.999,2.95,3.875,---,7.93,4.99,1.18
HSS5X2-1/2X3/16,2.41,5,2.5,0.1875,0.174,8.78,11.4,25.7,7.51,3.01,1.77,3.79,2.53,2.03,1.02,2.33,4.1875,---,6.26,3.89,1.2
HSS5X2-1/2X1/8,1.65,5,2.5,0.125,0.116,6.03,18.5,40.1,5.34,2.14,1.8,2.65,1.82,1.46,1.05,1.64,4.4375,---,4.4,2.7,1.22
HSS5X2X3/8,4.09,5,2,0.375,0.349,14.72,2.73,11.3,10.4,4.14,1.59,5.71,2.28,2.28,0.748,2.88,3.3125,---,6.61,5.2,1.07
HSS5X2X5/16,3.52,5,2,0.3125,0.291,12.7,3.88,14.2,9.35,3.74,1.63,5.05,2.1,2.1,0.772,2.57,3.625,---,5.99,4.59,1.08
HSS5X2X1/4,2.91,5,2,0.25,0.233,10.51,5.58,18.5,8.08,3.23,1.67,4.27,1.84,1.84,0.797,2.2,3.875,---,5.17,3.88,1.1
HSS5X2X3/16,2.24,5,2,0.1875,0.174,8.15,8.51,25.7,6.5,2.6,1.7,3.37,1.51,1.51,0.823,1.75,4.1875,---,4.15,3.05,1.12
HSS5X2X1/8,1.54,5,2,0.125,0.116,5.61,14.2,40.1,4.65,1.86,1.74,2.37,1.1,1.1,0.848,1.24,4.4375,---,2.95,2.13,1.13
HSS4-1/2X4-1/2X1/2,6.95,4.5,4.5,0.5,0.465,25.03,6.67,6.67,18.1,8.03,1.61,10.2,18.1,8.03,1.61,10.2,2.25,2.25,31.3,14.8,1.37
HSS4-1/2X4-1/2X3/8,5.48,4.5,4.5,0.375,0.349,19.82,9.89,9.89,15.3,6.79,1.67,8.36,15.3,6.79,1.67,8.36,2.8125,2.8125,25.7,11.9,1.4
HSS4-1/2X4-1/2X5/16,4.68,4.5,4.5,0.3125,0.291,16.96,12.5,12.5,13.5,6,1.7,7.27,13.5,6,1.7,7.27,3.125,3.125,22.3,10.2,1.42
HSS4-1/2X4-1/2X1/4,3.84,4.5,4.5,0.25,0.233,13.91,16.3,16.3,11.4,5.08,1.73,6.06,11.4,5.08,1.73,6.06,3.375,3.375,18.5,8.44,1.43
HSS4-1/2X4-1/2X3/16,2.93,4.5,4.5,0.1875,0.174,10.7,22.9,22.9,9.02,4.01,1.75,4.71,9.02,4.01,1.75,4.71,3.6875,3.6875,14.4,6.49,1.45
HSS4-1/2X4-1/2X1/8,2,4.5,4.5,0.125,0.116,7.31,35.8,35.8,6.35,2.82,1.78,3.27,6.35,2.82,1.78,3.27,3.9375,3.9375,9.92,4.45,1.47
HSS4X4X1/2,6.02,4,4,0.5,0.465,21.63,5.59,5.59,11.9,5.97,1.41,7.7,11.9,5.97,1.41,7.7,---,---,21,11.2,1.2
HSS4X4X3/8,4.78,4,4,0.375,0.349,17.27,8.45,8.45,10.3,5.13,1.47,6.39,10.3,5.13,1.47,6.39,2.3125,2.3125,17.5,9.14,1.23
HSS4X4X5/16,4.1,4,4,0.3125,0.291,14.83,10.8,10.8,9.14,4.57,1.49,5.59,9.14,4.57,1.49,5.59,2.625,2.625,15.3,7.91,1.25
HSS4X4X1/4,3.37,4,4,0.25,0.233,12.21,14.2,14.2,7.8,3.9,1.52,4.69,7.8,3.9,1.52,4.69,2.875,2.875,12.8,6.56,1.27
HSS4X4X3/16,2.58,4,4,0.1875,0.174,9.42,20,20,6.21,3.1,1.55,3.67,6.21,3.1,1.55,3.67,3.1875,3.1875,10,5.07,1.28
HSS4X4X1/8,1.77,4,4,0.125,0.116,6.46,31.5,31.5,4.4,2.2,1.58,2.56,4.4,2.2,1.58,2.56,3.4375,3.4375,6.91,3.49,1.3
HSS4X3X3/8,4.09,4,3,0.375,0.349,14.72,5.59,8.45,7.93,3.97,1.39,5.12,5.01,3.34,1.11,4.18,2.3125,---,10.6,6.59,1.07
HSS4X3X5/16,3.52,4,3,0.3125,0.291,12.7,7.32,10.8,7.14,3.57,1.42,4.51,4.52,3.02,1.13,3.69,2.625,---,9.41,5.75,1.08
HSS4X3X1/4,2.91,4,3,0.25,0.233,10.51,9.87,14.2,6.15,3.07,1.45,3.81,3.91,2.61,1.16,3.12,2.875,---,7.96,4.81,1.1
HSS4X3X3/16,2.24,4,3,0.1875,0.174,8.15,14.3,20,4.93,2.47,1.49,3,3.16,2.1,1.19,2.46,3.1875,---,6.26,3.74,1.12
HSS4X3X1/8,1.54,4,3,0.125,0.116,5.61,22.8,31.5,3.52,1.76,1.52,2.11,2.27,1.51,1.21,1.73,3.4375,---,4.38,2.59,1.13
HSS4X2-1/2X3/8,3.74,4,2.5,0.375,0.349,13.44,4.15,8.45,6.77,3.38,1.35,4.48,3.17,2.54,0.922,3.2,2.3125,---,7.57,5.32,0.983
HSS4X2-1/2X5/16,3.23,4,2.5,0.3125,0.291,11.64,5.6,10.8,6.13,3.07,1.38,3.97,2.89,2.32,0.947,2.85,2.625,---,6.77,4.67,1
HSS4X2-1/2X1/4,2.67,4,2.5,0.25,0.233,9.66,7.73,14.2,5.32,2.66,1.41,3.38,2.53,2.02,0.973,2.43,2.875,---,5.78,3.93,1.02
HSS4X2-1/2X3/16,2.06,4,2.5,0.1875,0.174,7.51,11.4,20,4.3,2.15,1.44,2.67,2.06,1.65,0.999,1.93,3.125,---,4.59,3.08,1.03
HSS4X2-1/2X1/8,1.42,4,2.5,0.125,0.116,5.18,18.5,31.5,3.09,1.54,1.47,1.88,1.49,1.19,1.03,1.36,3.4375,---,3.23,2.14,1.05
HSS4X2X3/8,3.39,4,2,0.375,0.349,12.17,2.73,8.45,5.6,2.8,1.29,3.84,1.8,1.8,0.729,2.31,2.3125,---,4.83,4.04,0.9
HSS4X2X5/16,2.94,4,2,0.3125,0.291,10.58,3.88,10.8,5.13,2.56,1.32,3.43,1.67,1.67,0.754,2.08,2.625,---,4.4,3.59,0.917
HSS4X2X1/4,2.44,4,2,0.25,0.233,8.81,5.58,14.2,4.49,2.25,1.36,2.94,1.48,1.48,0.779,1.79,2.875,---,3.82,3.05,0.933
HSS4X2X3/16,1.89,4,2,0.1875,0.174,6.87,8.51,20,3.66,1.83,1.39,2.34,1.22,1.22,0.804,1.43,3.1875,---,3.08,2.41,0.95
HSS4X2X1/8,1.3,4,2,0.125,0.116,4.75,14.2,31.5,2.65,1.32,1.43,1.66,0.898,0.898,0.83,1.02,3.4375,---,2.2,1.69,0.967
HSS3-1/2X3-1/2X3/8,4.09,3.5,3.5,0.375,0.349,14.72,7.02,7.02,6.49,3.71,1.26,4.69,6.49,3.71,1.26,4.69,---,---,11.2,6.77,1.07
HSS3-1/2X3-1/2X5/16,3.52,3.5,3.5,0.3125,0.291,12.7,9.04,9.04,5.84,3.34,1.29,4.14,5.84,3.34,1.29,4.14,2.125,2.125,9.89,5.9,1.08
HSS3-1/2X3-1/2X1/4,2.91,3.5,3.5,0.25,0.233,10.51,12,12,5.04,2.88,1.32,3.5,5.04,2.88,1.32,3.5,2.375,2.375,8.35,4.92,1.1
HSS3-1/2X3-1/2X3/16,2.24,3.5,3.5,0.1875,0.174,8.15,17.1,17.1,4.05,2.31,1.35,2.76,4.05,2.31,1.35,2.76,2.6875,2.6875,6.56,3.83,1.12
HSS3-1/2X3-1/2X1/8,1.54,3.5,3.5,0.125,0.116,5.61,27.2,27.2,2.9,1.66,1.37,1.93,2.9,1.66,1.37,1.93,2.9375,2.9375,4.58,2.65,1.13
HSS3-1/2X2-1/2X3/8,3.39,3.5,2.5,0.375,0.349,12.17,4.15,7.02,4.75,2.72,1.18,3.59,2.77,2.21,0.90,2.82,---,---,6.157057934,4.56670167,0.9
HSS3-1/2X2-1/2X5/16,2.94,3.5,2.5,0.3125,0.291,10.58,5.6,9.04,4.34,2.48,1.22,3.20,2.54,2.03,0.93,2.52,2.125,---,5.534306197,4.030423749,0.917
HSS3-1/2X2-1/2X1/4,2.44,3.5,2.5,0.25,0.233,8.81,7.73,12,3.79,2.17,1.25,2.74,2.23,1.78,0.96,2.16,2.375,---,4.74645835,3.402468397,0.933
HSS3-1/2X2-1/2X3/16,1.89,3.5,2.5,0.1875,0.174,6.87,11.4,17.1,3.09,1.76,1.28,2.18,1.82,1.46,0.98,1.72,2.6875,---,3.779345445,2.671874551,0.95
HSS3-1/2X2-1/2X1/8,1.3,3.5,2.5,0.125,0.116,4.75,18.5,27.2,2.23,1.28,1.31,1.54,1.33,1.06,1.01,1.22,2.9375,---,2.670100165,1.865620311,0.967
HSS3-1/2X2X1/4,2.21,3.5,2,0.25,0.233,7.96,5.58,12,3.17,1.81,1.2,2.36,1.3,1.3,0.766,1.58,2.375,---,3.16,2.64,0.85
HSS3-1/2X2X3/16,1.71,3.5,2,0.1875,0.174,6.23,8.51,17.1,2.61,1.49,1.23,1.89,1.08,1.08,0.792,1.27,2.6875,---,2.55,2.09,0.867
HSS3-1/2X2X1/8,1.19,3.5,2,0.125,0.116,4.33,14.2,27.2,1.9,1.09,1.27,1.34,0.795,0.795,0.818,0.912,2.9375,---,1.83,1.47,0.883
HSS3-1/2X1-1/2X1/4,1.97,3.5,1.5,0.25,0.233,7.11,3.44,12,2.55,1.46,1.14,1.98,0.638,0.851,0.569,1.06,2.375,---,1.79,1.88,0.767
HSS3-1/2X1-1/2X3/16,1.54,3.5,1.5,0.1875,0.174,5.59,5.62,17.1,2.12,1.21,1.17,1.6,0.544,0.725,0.594,0.867,2.6875,---,1.49,1.51,0.784
HSS3-1/2X1-1/2X1/8,1.07,3.5,1.5,0.125,0.116,3.9,9.91,27.2,1.57,0.896,1.21,1.15,0.411,0.548,0.619,0.63,2.9375,---,1.09,1.08,0.8
HSS3X3X3/8,3.39,3,3,0.375,0.349,12.17,5.59,5.59,3.78,2.52,1.06,3.25,3.78,2.52,1.06,3.25,---,---,6.64,4.74,0.9
HSS3X3X5/16,2.94,3,3,0.3125,0.291,10.58,7.32,7.32,3.45,2.3,1.08,2.9,3.45,2.3,1.08,2.9,---,---,5.94,4.18,0.917
HSS3X3X1/4,2.44,3,3,0.25,0.233,8.81,9.87,9.87,3.02,2.01,1.11,2.48,3.02,2.01,1.11,2.48,---,---,5.08,3.52,0.933
HSS3X3X3/16,1.89,3,3,0.1875,0.174,6.87,14.3,14.3,2.46,1.64,1.14,1.97,2.46,1.64,1.14,1.97,2.1875,2.1875,4.03,2.76,0.95
HSS3X3X1/8,1.3,3,3,0.125,0.116,4.75,22.8,22.8,1.78,1.19,1.17,1.4,1.78,1.19,1.17,1.4,2.4375,2.4375,2.84,1.92,0.967
HSS3X2-1/2X5/16,2.64,3,2.5,0.3125,0.291,9.51,5.6,7.32,2.92,1.94,1.05,2.51,2.18,1.74,0.908,2.2,---,---,4.34,3.39,0.833
HSS3X2-1/2X1/4,2.21,3,2.5,0.25,0.233,7.96,7.73,9.87,2.57,1.72,1.08,2.16,1.93,1.54,0.935,1.9,---,---,3.74,2.87,0.85
HSS3X2-1/2X3/16,1.71,3,2.5,0.1875,0.174,6.23,11.4,14.3,2.11,1.41,1.11,1.73,1.59,1.27,0.963,1.52,2.1875,---,3,2.27,0.867
HSS3X2-1/2X1/8,1.19,3,2.5,0.125,0.116,4.33,18.5,22.8,1.54,1.03,1.14,1.23,1.16,0.931,0.99,1.09,2.4375,---,2.13,1.59,0.883
HSS3X2X5/16,2.35,3,2,0.3125,0.291,8.45,3.88,7.32,2.38,1.59,1.01,2.11,1.24,1.24,0.725,1.58,---,---,2.87,2.6,0.75
HSS3X2X1/4,1.97,3,2,0.25,0.233,7.11,5.58,9.87,2.13,1.42,1.04,1.83,1.11,1.11,0.751,1.38,---,---,2.52,2.23,0.767
HSS3X2X3/16,1.54,3,2,0.1875,0.174,5.59,8.51,14.3,1.77,1.18,1.07,1.48,0.932,0.932,0.778,1.12,2.1875,---,2.05,1.78,0.784
HSS3X2X1/8,1.07,3,2,0.125,0.116,3.9,14.2,22.8,1.3,0.867,1.1,1.06,0.692,0.692,0.804,0.803,2.4375,---,1.47,1.25,0.8
HSS3X1-1/2X1/4,1.74,3,1.5,0.25,0.233,6.26,3.44,9.87,1.68,1.12,0.982,1.51,0.543,0.725,0.559,0.911,1.875,---,1.44,1.58,0.683
HSS3X1-1/2X3/16,1.37,3,1.5,0.1875,0.174,4.96,5.62,14.3,1.42,0.945,1.02,1.24,0.467,0.622,0.584,0.752,2.1875,---,1.21,1.28,0.7
HSS3X1-1/2X1/8,0.956,3,1.5,0.125,0.116,3.48,9.91,22.8,1.06,0.706,1.05,0.895,0.355,0.474,0.61,0.55,2.4375,---,0.886,0.92,0.717
HSS3X1X3/16,1.19,3,1,0.1875,0.174,4.32,2.75,14.3,1.07,0.713,0.947,0.989,0.173,0.345,0.38,0.432,2.1875,---,0.526,0.792,0.617
HSS3X1X1/8,0.84,3,1,0.125,0.116,3.05,5.62,22.8,0.817,0.545,0.987,0.728,0.138,0.276,0.405,0.325,2.4375,---,0.408,0.585,0.633
HSS2-1/2X2-1/2X5/16,2.35,2.5,2.5,0.3125,0.291,8.45,5.6,5.6,1.82,1.46,0.88,1.88,1.82,1.46,0.88,1.88,---,---,3.2,2.74,0.75
HSS2-1/2X2-1/2X1/4,1.97,2.5,2.5,0.25,0.233,7.11,7.73,7.73,1.63,1.3,0.908,1.63,1.63,1.3,0.908,1.63,---,---,2.79,2.35,0.767
HSS2-1/2X2-1/2X3/16,1.54,2.5,2.5,0.1875,0.174,5.59,11.4,11.4,1.35,1.08,0.937,1.32,1.35,1.08,0.937,1.32,---,---,2.25,1.86,0.784
HSS2-1/2X2-1/2X1/8,1.07,2.5,2.5,0.125,0.116,3.9,18.5,18.5,0.998,0.799,0.965,0.947,0.998,0.799,0.965,0.947,---,---,1.61,1.31,0.8
HSS2-1/2X2X1/4,1.74,2.5,2,0.25,0.233,6.26,5.58,7.73,1.33,1.06,0.874,1.37,0.93,0.93,0.731,1.17,---,---,1.9,1.82,0.683
HSS2-1/2X2X3/16,1.37,2.5,2,0.1875,0.174,4.96,8.51,11.4,1.12,0.894,0.904,1.12,0.786,0.786,0.758,0.956,---,---,1.55,1.46,0.7
HSS2-1/2X2X1/8,0.956,2.5,2,0.125,0.116,3.48,14.2,18.5,0.833,0.667,0.934,0.809,0.589,0.589,0.785,0.694,---,---,1.12,1.04,0.717
HSS2-1/2X1-1/2X1/4,1.51,2.5,1.5,0.25,0.233,5.41,3.44,7.73,1.03,0.822,0.826,1.11,0.449,0.599,0.546,0.764,---,---,1.1,1.29,0.6
HSS2-1/2X1-1/2X3/16,1.19,2.5,1.5,0.1875,0.174,4.32,5.62,11.4,0.882,0.705,0.86,0.915,0.39,0.52,0.572,0.636,---,---,0.929,1.05,0.617
HSS2-1/2X1-1/2X1/8,0.84,2.5,1.5,0.125,0.116,3.05,9.91,18.5,0.668,0.535,0.892,0.671,0.3,0.399,0.597,0.469,---,---,0.687,0.759,0.633
HSS2-1/2X1X3/16,1.02,2.5,1,0.1875,0.174,3.68,2.75,11.4,0.646,0.517,0.796,0.713,0.143,0.285,0.374,0.36,---,---,0.412,0.648,0.534
HSS2-1/2X1X1/8,0.724,2.5,1,0.125,0.116,2.63,5.62,18.5,0.503,0.403,0.834,0.532,0.115,0.23,0.399,0.274,---,---,0.322,0.483,0.55
HSS2-1/4X2-1/4X1/4,1.74,2.25,2.25,0.25,0.233,6.26,6.65,6.65,1.13,1.01,0.806,1.28,1.13,1.01,0.806,1.28,---,---,1.96,1.85,0.683
HSS2-1/4X2-1/4X3/16,1.37,2.25,2.25,0.1875,0.174,4.96,9.94,9.94,0.953,0.847,0.835,1.04,0.953,0.847,0.835,1.04,---,---,1.6,1.48,0.7
HSS2-1/4X2-1/4X1/8,0.956,2.25,2.25,0.125,0.116,3.48,16.4,16.4,0.712,0.633,0.863,0.755,0.712,0.633,0.863,0.755,---,---,1.15,1.05,0.717
HSS2-1/4X2X3/16,1.28,2.25,2,0.1875,0.174,4.64,8.51,9.94,0.859,0.764,0.819,0.952,0.713,0.713,0.747,0.877,---,---,1.32,1.3,0.659
HSS2-1/4X2X1/8,0.898,2.25,2,0.125,0.116,3.27,14.2,16.4,0.646,0.574,0.848,0.693,0.538,0.538,0.774,0.639,---,---,0.957,0.927,0.675
HSS2X2X1/4,1.51,2,2,0.25,0.233,5.41,5.58,5.58,0.747,0.747,0.704,0.964,0.747,0.747,0.704,0.964,---,---,1.31,1.41,0.6
HSS2X2X3/16,1.19,2,2,0.1875,0.174,4.32,8.51,8.51,0.641,0.641,0.733,0.797,0.641,0.641,0.733,0.797,---,---,1.09,1.14,0.617
HSS2X2X1/8,0.84,2,2,0.125,0.116,3.05,14.2,14.2,0.486,0.486,0.761,0.584,0.486,0.486,0.761,0.584,---,---,0.796,0.817,0.633
HSS2X1-1/2X3/16,1.02,2,1.5,0.1875,0.174,3.68,5.62,8.51,0.495,0.495,0.697,0.639,0.313,0.417,0.554,0.521,---,---,0.664,0.822,0.534
HSS2X1-1/2X1/8,0.724,2,1.5,0.125,0.116,2.63,9.91,14.2,0.383,0.383,0.728,0.475,0.244,0.325,0.581,0.389,---,---,0.496,0.599,0.55
HSS2X1X3/16,0.845,2,1,0.1875,0.174,3.04,2.75,8.51,0.35,0.35,0.643,0.48,0.112,0.225,0.365,0.288,---,---,0.301,0.505,0.45
HSS2X1X1/8,0.608,2,1,0.125,0.116,2.2,5.62,14.2,0.28,0.28,0.679,0.366,0.0922,0.184,0.39,0.223,---,---,0.238,0.38,0.467