Shape,A,d,tw,bf,tf,k(des),k(det),k1,T,gage,wt./ft.,bf/(2*tf),h/tw,Ix,Sx,rx,Zx,Iy,Sy,ry,Zy,rts,ho,J,Cw,Wno,Sw1,Qf,Qw
W44X335,98.5,44,1.03,15.9,1.77,2.56,2.625,1.3125,38.75,5.5,335,4.5,38,31100,1410,17.8,1620,1200,150,3.49,236,4.24,42.2,74.7,535000,168,1180,278,805
W44X290,85.4,43.6,0.865,15.8,1.58,2.36,2.4375,1.25,38.75,5.5,290,5.02,45,27000,1240,17.8,1410,1040,132,3.49,205,4.2,42,50.9,461000,166,1040,248,701
W44X262,77.2,43.3,0.785,15.8,1.42,2.2,2.25,1.1875,38.75,5.5,262,5.57,49.6,24100,1110,17.7,1270,923,117,3.47,182,4.17,41.9,37.3,405000,165,928,223,630
W44X230,67.8,42.9,0.71,15.8,1.22,2.01,2.0625,1.1875,38.75,5.5,230,6.45,54.8,20800,971,17.5,1100,796,101,3.43,157,4.13,41.7,24.9,346000,165,793,192,547
W40X593,174,43,1.79,16.7,3.23,4.41,4.5,2.125,34,7.5,593,2.58,19.1,50400,2340,17,2760,2520,302,3.8,481,4.63,39.8,445,997000,166,2240,479,1370
W40X503,148,42.1,1.54,16.4,2.76,3.94,4,2,34,7.5,503,2.98,22.3,41600,1980,16.8,2320,2040,249,3.72,394,4.5,39.3,277,789000,161,1830,403,1150
W40X431,127,41.3,1.34,16.2,2.36,3.54,3.625,1.875,34,7.5,431,3.44,25.5,34800,1690,16.6,1960,1690,208,3.65,328,4.41,38.9,177,638000,158,1510,341,969
W40X397,117,41,1.22,16.1,2.2,3.38,3.5,1.8125,34,7.5,397,3.66,28,32000,1560,16.6,1800,1540,191,3.64,300,4.38,38.8,142,579000,156,1380,318,891
W40X372,110,40.6,1.16,16.1,2.05,3.23,3.3125,1.8125,34,7.5,372,3.93,29.5,29600,1460,16.5,1680,1420,177,3.6,277,4.33,38.6,116,528000,155,1280,295,829
W40X362,106,40.6,1.12,16,2.01,3.19,3.25,1.75,34,7.5,362,3.99,30.5,28900,1420,16.5,1640,1380,173,3.6,270,4.33,38.6,109,513000,154,1240,289,808
W40X324,95.3,40.2,1,15.9,1.81,2.99,3.0625,1.6875,34,7.5,324,4.4,34.2,25600,1280,16.4,1460,1220,153,3.58,239,4.27,38.4,79.4,448000,153,1100,259,720
W40X297,87.3,39.8,0.93,15.8,1.65,2.83,2.9375,1.6875,34,7.5,297,4.8,36.8,23200,1170,16.3,1330,1090,138,3.54,215,4.22,38.2,61.2,399000,151,982,234,652
W40X277,81.5,39.7,0.83,15.8,1.58,2.76,2.875,1.625,34,7.5,277,5.03,41.2,21900,1100,16.4,1250,1040,132,3.58,204,4.25,38.1,51.5,379000,151,940,225,614
W40X249,73.5,39.4,0.75,15.8,1.42,2.6,2.6875,1.5625,34,7.5,249,5.55,45.6,19600,993,16.3,1120,926,118,3.55,182,4.21,38,38.1,334000,150,841,203,551
W40X215,63.5,39,0.65,15.8,1.22,2.4,2.5,1.5625,34,7.5,215,6.45,52.6,16700,859,16.2,964,803,101,3.54,156,4.19,37.8,24.8,284000,149,719,175,473
W40X199,58.8,38.7,0.65,15.8,1.07,2.25,2.3125,1.5625,34,7.5,199,7.39,52.6,14900,770,16,869,695,88.2,3.45,137,4.12,37.6,18.3,246000,149,628,153,427
W40X392,116,41.6,1.42,12.4,2.52,3.7,3.8125,1.9375,34,7.5,392,2.45,24.1,29900,1440,16.1,1710,803,130,2.64,212,3.3,39.1,172,306000,121,946,270,848
W40X331,97.7,40.8,1.22,12.2,2.13,3.31,3.375,1.8125,34,7.5,331,2.86,28,24700,1210,15.9,1430,644,106,2.57,172,3.21,38.7,105,241000,118,766,226,706
W40X327,95.9,40.8,1.18,12.1,2.13,3.31,3.375,1.8125,34,7.5,327,2.85,29,24500,1200,16,1410,640,105,2.58,170,3.21,38.7,103,239000,117,754,225,695
W40X294,86.2,40.4,1.06,12,1.93,3.11,3.1875,1.75,34,7.5,294,3.11,32.2,21900,1080,15.9,1270,562,93.5,2.55,150,3.16,38.5,76.6,208000,115,668,203,622
W40X278,82.3,40.2,1.03,12,1.81,2.99,3.0625,1.75,34,7.5,278,3.31,33.3,20500,1020,15.8,1190,521,87.1,2.52,140,3.13,38.4,65,192000,115,622,190,587
W40X264,77.4,40,0.96,11.9,1.73,2.91,3,1.6875,34,7.5,264,3.45,35.6,19400,971,15.8,1130,493,82.6,2.52,132,3.12,38.3,56.1,181000,114,589,182,555
W40X235,69.1,39.7,0.83,11.9,1.58,2.76,2.875,1.625,34,7.5,235,3.77,41.2,17400,875,15.9,1010,444,74.6,2.54,118,3.11,38.1,41.3,161000,113,530,166,495
W40X211,62.1,39.4,0.75,11.8,1.42,2.6,2.6875,1.5625,34,7.5,211,4.17,45.6,15500,786,15.8,906,390,66.1,2.51,105,3.07,38,30.4,141000,112,468,148,442
W40X183,53.3,39,0.65,11.8,1.2,2.38,2.5,1.5625,34,7.5,183,4.92,52.6,13200,675,15.7,774,331,56,2.49,88.3,3.04,37.8,19.3,118000,112,395,126,376
W40X167,49.3,38.6,0.65,11.8,1.03,2.21,2.3125,1.5625,34,7.5,167,5.76,52.6,11600,600,15.3,693,283,47.9,2.4,76,2.98,37.6,14,99700,111,336,107,336
W40X149,43.8,38.2,0.63,11.8,0.83,2.01,2.125,1.5,34,7.5,149,7.11,54.3,9800,513,15,598,229,38.8,2.29,62.2,2.89,37.4,9.36,80000,110,270,86.7,288
W36X652,192,41.1,1.97,17.6,3.54,4.49,4.8125,2.1875,31.375,7.5,652,2.48,16.3,50600,2460,16.2,2910,3230,367,4.1,581,4.96,37.6,593,1130000,165,2560,518,1450
W36X529,156,39.8,1.61,17.2,2.91,3.86,4.1875,2,31.375,7.5,529,2.96,19.9,39600,1990,16,2330,2490,289,4,454,4.8,36.9,327,846000,159,1990,419,1160
W36X487,143,39.3,1.5,17.1,2.68,3.63,4,1.875,31.375,7.5,487,3.19,21.4,36000,1830,15.8,2130,2250,263,3.96,412,4.74,36.6,258,754000,157,1800,383,1060
W36X441,130,38.9,1.36,17,2.44,3.39,3.75,1.875,31.375,7.5,441,3.48,23.6,32100,1650,15.7,1910,1990,235,3.92,368,4.69,36.5,194,661000,154,1600,347,950
W36X395,116,38.4,1.22,16.8,2.2,3.15,3.4375,1.8125,31.375,7.5,395,3.83,26.3,28500,1490,15.7,1710,1750,208,3.88,325,4.61,36.2,142,575000,152,1410,311,847
W36X361,106,38,1.12,16.7,2.01,2.96,3.3125,1.75,31.375,7.5,361,4.16,28.6,25700,1350,15.6,1550,1570,188,3.85,293,4.58,36,109,509000,150,1270,282,767
W36X330,96.9,37.7,1.02,16.6,1.85,2.8,3.125,1.75,31.375,7.5,330,4.49,31.4,23300,1240,15.5,1410,1420,171,3.83,265,4.53,35.9,84.3,456000,149,1150,259,698
W36X302,89,37.3,0.945,16.7,1.68,2.63,3,1.6875,31.375,7.5,302,4.96,33.9,21100,1130,15.4,1280,1300,156,3.82,241,4.53,35.6,64.3,412000,148,1040,235,635
W36X282,82.9,37.1,0.885,16.6,1.57,2.52,2.875,1.625,31.375,7.5,282,5.29,36.2,19600,1050,15.4,1190,1200,144,3.8,223,4.5,35.5,52.7,378000,147,960,219,591
W36X262,77.2,36.9,0.84,16.6,1.44,2.39,2.75,1.625,31.375,7.5,262,5.75,38.2,17900,972,15.3,1100,1090,132,3.76,204,4.46,35.5,41.6,342000,147,873,200,543
W36X247,72.5,36.7,0.8,16.5,1.35,2.3,2.625,1.625,31.375,7.5,247,6.11,40.1,16700,913,15.2,1030,1010,123,3.74,190,4.42,35.4,34.7,316000,146,812,187,509
W36X231,68.2,36.5,0.76,16.5,1.26,2.21,2.5625,1.5625,31.375,7.5,231,6.54,42.2,15600,854,15.1,963,940,114,3.71,176,4.4,35.2,28.7,292000,145,756,175,476
W36X256,75.3,37.4,0.96,12.2,1.73,2.48,2.625,1.3125,32.125,5.5,256,3.53,33.8,16800,895,14.9,1040,528,86.5,2.65,137,3.24,35.7,52.9,168000,109,576,174,516
W36X232,68,37.1,0.87,12.1,1.57,2.32,2.4375,1.25,32.125,5.5,232,3.86,37.3,15000,809,14.8,936,468,77.2,2.62,122,3.21,35.5,39.6,148000,108,512,157,464
W36X210,61.9,36.7,0.83,12.2,1.36,2.11,2.3125,1.25,32.125,5.5,210,4.48,39.1,13200,719,14.6,833,411,67.5,2.58,107,3.18,35.3,28,128000,108,446,136,412
W36X194,57,36.5,0.765,12.1,1.26,2.01,2.1875,1.1875,32.125,5.5,194,4.81,42.4,12100,664,14.6,767,375,61.9,2.56,97.7,3.15,35.2,22.2,116000,107,407,126,379
W36X182,53.6,36.3,0.725,12.1,1.18,1.93,2.125,1.1875,32.125,5.5,182,5.12,44.8,11300,623,14.5,718,347,57.6,2.55,90.7,3.13,35.1,18.5,107000,106,378,118,355
W36X170,50,36.2,0.68,12,1.1,1.85,2,1.1875,32.125,5.5,170,5.47,47.7,10500,581,14.5,668,320,53.2,2.53,83.8,3.11,35.1,15.1,98500,105,349,109,330
W36X160,47,36,0.65,12,1.02,1.77,1.9375,1.125,32.125,5.5,160,5.88,49.9,9760,542,14.4,624,295,49.1,2.5,77.3,3.09,35,12.4,90200,105,321,101,308
W36X150,44.3,35.9,0.625,12,0.94,1.69,1.875,1.125,32.125,5.5,150,6.37,51.9,9040,504,14.3,581,270,45.1,2.47,70.9,3.06,35,10.1,82200,105,294,93.1,287
W36X135,39.9,35.6,0.6,12,0.79,1.54,1.6875,1.125,32.125,5.5,135,7.56,54.1,7800,439,14,509,225,37.7,2.38,59.7,2.99,34.8,7,68100,104,245,77.9,251
W33X387,114,36,1.26,16.2,2.28,3.07,3.1875,1.4375,29.625,5.5,387,3.55,23.7,24300,1350,14.6,1560,1620,200,3.77,312,4.49,33.7,148,459000,137,1260,287,778
W33X354,104,35.6,1.16,16.1,2.09,2.88,2.9375,1.375,29.625,5.5,354,3.85,25.7,22000,1240,14.5,1420,1460,181,3.74,282,4.44,33.5,115,408000,135,1130,262,707
W33X318,93.7,35.2,1.04,16,1.89,2.68,2.75,1.3125,29.625,5.5,318,4.23,28.7,19500,1110,14.5,1270,1290,161,3.71,250,4.4,33.3,84.4,357000,133,1010,235,632
W33X291,85.6,34.8,0.96,15.9,1.73,2.52,2.625,1.3125,29.625,5.5,291,4.6,31,17700,1020,14.4,1160,1160,146,3.68,226,4.34,33.1,65.1,319000,131,904,214,573
W33X263,77.4,34.5,0.87,15.8,1.57,2.36,2.4375,1.25,29.625,5.5,263,5.03,34.3,15900,919,14.3,1040,1040,131,3.66,202,4.31,32.9,48.7,281000,130,807,193,515
W33X241,71.1,34.2,0.83,15.9,1.4,2.19,2.25,1.25,29.625,5.5,241,5.66,35.9,14200,831,14.1,940,933,118,3.62,182,4.29,32.8,36.2,251000,130,726,173,467
W33X221,65.3,33.9,0.775,15.8,1.28,2.06,2.125,1.1875,29.625,5.5,221,6.2,38.5,12900,759,14.1,857,840,106,3.59,164,4.25,32.6,27.8,224000,129,647,156,423
W33X201,59.1,33.7,0.715,15.7,1.15,1.94,2,1.1875,29.625,5.5,201,6.85,41.7,11600,686,14,773,749,95.2,3.56,147,4.21,32.6,20.8,198000,128,577,140,382
W33X169,49.5,33.8,0.67,11.5,1.22,1.92,2.125,1.1875,29.625,5.5,169,4.71,44.7,9290,549,13.7,629,310,53.9,2.5,84.4,3.03,32.6,17.7,82400,93.7,329,108,311
W33X152,44.9,33.5,0.635,11.6,1.06,1.76,1.9375,1.125,29.625,5.5,152,5.48,47.2,8160,487,13.5,559,273,47.2,2.47,73.9,3.01,32.4,12.4,71700,94.1,289,94.3,278
W33X141,41.5,33.3,0.605,11.5,0.96,1.66,1.8125,1.125,29.625,5.5,141,6.01,49.6,7450,448,13.4,514,246,42.7,2.43,66.9,2.98,32.3,9.7,64400,93,257,84.6,253
W33X130,38.3,33.1,0.58,11.5,0.855,1.56,1.75,1.125,29.625,5.5,130,6.73,51.7,6710,406,13.2,467,218,37.9,2.39,59.5,2.94,32.2,7.37,56600,92.7,228,75.3,230
W33X118,34.7,32.9,0.55,11.5,0.74,1.44,1.625,1.125,29.625,5.5,118,7.76,54.5,5900,359,13,415,187,32.6,2.32,51.3,2.89,32.2,5.3,48300,92.5,197,65.1,205
W30X391,115,33.2,1.36,15.6,2.44,3.23,3.375,1.5,26.5,5.5,391,3.19,19.7,20700,1250,13.4,1450,1550,198,3.67,310,4.37,30.8,173,366000,120,1140,267,722
W30X357,105,32.8,1.24,15.5,2.24,3.03,3.125,1.4375,26.5,5.5,357,3.45,21.6,18700,1140,13.3,1320,1390,179,3.64,279,4.31,30.6,134,324000,118,1030,244,655
W30X326,95.9,32.4,1.14,15.4,2.05,2.84,2.9375,1.375,26.5,5.5,326,3.75,23.4,16800,1040,13.2,1190,1240,162,3.6,252,4.26,30.4,103,287000,117,922,222,593
W30X292,86,32,1.02,15.3,1.85,2.64,2.75,1.3125,26.5,5.5,292,4.12,26.2,14900,930,13.2,1060,1100,144,3.58,223,4.22,30.2,75.2,250000,115,816,199,529
W30X261,77,31.6,0.93,15.2,1.65,2.44,2.5625,1.3125,26.5,5.5,261,4.59,28.7,13100,829,13.1,943,959,127,3.53,196,4.16,30,54.1,215000,114,714,176,469
W30X235,69.3,31.3,0.83,15.1,1.5,2.29,2.375,1.25,26.5,5.5,235,5.02,32.2,11700,748,13,847,855,114,3.51,175,4.13,29.8,40.3,190000,112,637,159,421
W30X211,62.3,30.9,0.775,15.1,1.32,2.1,2.25,1.1875,26.5,5.5,211,5.74,34.5,10300,665,12.9,751,757,100,3.49,155,4.11,29.6,28.4,166000,112,556,140,372
W30X191,56.1,30.7,0.71,15,1.19,1.97,2.0625,1.1875,26.5,5.5,191,6.35,37.7,9200,600,12.8,675,673,89.5,3.46,138,4.06,29.5,21,146000,111,494,125,335
W30X173,50.9,30.4,0.655,15,1.07,1.85,2,1.125,26.5,5.5,173,7.04,40.8,8230,541,12.7,607,598,79.8,3.42,123,4.03,29.3,15.6,129000,110,441,113,301
W30X148,43.6,30.7,0.65,10.5,1.18,1.83,2.0625,1.125,26.5,5.5,148,4.44,41.6,6680,436,12.4,500,227,43.3,2.28,68,2.77,29.5,14.5,49400,77.5,240,85.8,248
W30X132,38.8,30.3,0.615,10.5,1,1.65,1.875,1.125,26.5,5.5,132,5.27,43.9,5770,380,12.2,437,196,37.2,2.25,58.4,2.75,29.3,9.72,42100,76.9,202,72.4,215
W30X124,36.5,30.2,0.585,10.5,0.93,1.58,1.8125,1.125,26.5,5.5,124,5.65,46.2,5360,355,12.1,408,181,34.4,2.23,54,2.73,29.3,7.99,38600,76.8,188,67.5,202
W30X116,34.2,30,0.565,10.5,0.85,1.5,1.75,1.125,26.5,5.5,116,6.17,47.8,4930,329,12,378,164,31.3,2.19,49.2,2.7,29.2,6.43,34900,76.5,171,61.5,187
W30X108,31.7,29.8,0.545,10.5,0.76,1.41,1.6875,1.125,26.5,5.5,108,6.89,49.6,4470,299,11.9,346,146,27.9,2.15,43.9,2.67,29,4.99,30900,76.2,152,54.9,170
W30X99,29,29.7,0.52,10.5,0.67,1.32,1.5625,1.0625,26.5,5.5,99,7.8,51.9,3990,269,11.7,312,128,24.5,2.1,38.6,2.62,29,3.77,26800,76.2,134,48.5,154
W30X90,26.3,29.5,0.47,10.4,0.61,1.26,1.5,1.0625,26.5,5.5,90,8.52,57.5,3610,245,11.7,283,115,22.1,2.09,34.7,2.6,28.9,2.84,24000,75.1,119,43.7,139
W27X539,159,32.5,1.97,15.3,3.54,4.33,4.4375,1.8125,23.625,5.5,539,2.15,12.1,25600,1570,12.7,1890,2110,277,3.65,437,4.41,29,496,443000,111,1500,342,943
W27X368,109,30.4,1.38,14.7,2.48,3.27,3.375,1.5,23.625,5.5,368,2.96,17.3,16200,1060,12.2,1240,1310,179,3.48,279,4.15,27.9,170,255000,103,935,231,621
W27X336,99.2,30,1.26,14.6,2.28,3.07,3.1875,1.4375,23.625,5.5,336,3.19,18.9,14600,972,12.1,1130,1180,162,3.45,252,4.1,27.7,131,226000,101,842,211,563
W27X307,90.2,29.6,1.16,14.4,2.09,2.88,3,1.4375,23.625,5.5,307,3.46,20.6,13100,887,12,1030,1050,146,3.41,227,4.04,27.5,101,199000,99,745,190,508
W27X281,83.1,29.3,1.06,14.4,1.93,2.72,2.8125,1.375,23.625,5.5,281,3.72,22.5,11900,814,12,936,953,133,3.39,206,4,27.4,79.5,178000,98.5,685,176,466
W27X258,76.1,29,0.98,14.3,1.77,2.56,2.6875,1.3125,23.625,5.5,258,4.03,24.4,10800,745,11.9,852,859,120,3.36,187,3.96,27.2,61.6,159000,97.3,616,160,424
W27X235,69.4,28.7,0.91,14.2,1.61,2.4,2.5,1.3125,23.625,5.5,235,4.41,26.2,9700,677,11.8,772,769,108,3.33,168,3.92,27.1,47,141000,96.2,550,145,384
W27X217,63.9,28.4,0.83,14.1,1.5,2.29,2.375,1.25,23.625,5.5,217,4.71,28.7,8910,627,11.8,711,704,100,3.32,154,3.89,26.9,37.6,128000,94.8,501,134,351
W27X194,57.1,28.1,0.75,14,1.34,2.13,2.25,1.1875,23.625,5.5,194,5.24,31.8,7860,559,11.7,631,619,88.1,3.29,136,3.85,26.8,27.1,111000,93.7,439,119,312
W27X178,52.5,27.8,0.725,14.1,1.19,1.98,2.0625,1.1875,23.625,5.5,178,5.92,32.9,7020,505,11.6,570,555,78.8,3.25,122,3.83,26.6,20.1,98400,93.8,393,106,282
W27X161,47.6,27.6,0.66,14,1.08,1.87,2,1.1875,23.625,5.5,161,6.49,36.1,6310,458,11.5,515,497,70.9,3.23,109,3.79,26.5,15.1,87300,92.8,351,95.5,254
W27X146,43.2,27.4,0.605,14,0.975,1.76,1.875,1.125,23.625,5.5,146,7.16,39.4,5660,414,11.5,464,443,63.5,3.2,97.7,3.76,26.4,11.3,77200,92.5,316,86.3,229
W27X129,37.8,27.6,0.61,10,1.1,1.7,2,1.125,23.625,5.5,129,4.55,39.7,4760,345,11.2,395,184,36.8,2.21,57.6,2.66,26.5,11.1,32500,66.3,182,68.4,195
W27X114,33.6,27.3,0.57,10.1,0.93,1.53,1.8125,1.125,23.625,5.5,114,5.41,42.5,4080,299,11,343,159,31.5,2.18,49.3,2.65,26.4,7.33,27600,66.6,156,58.4,170
W27X102,30,27.1,0.515,10,0.83,1.43,1.75,1.0625,23.625,5.5,102,6.03,47.1,3620,267,11,305,139,27.8,2.15,43.4,2.62,26.3,5.28,24000,65.7,136,51.7,151
W27X94,27.6,26.9,0.49,10,0.745,1.34,1.625,1.0625,23.625,5.5,94,6.7,49.5,3270,243,10.9,278,124,24.8,2.12,38.8,2.59,26.2,4.03,21300,65.4,122,46.3,137
W27X84,24.7,26.7,0.46,10,0.64,1.24,1.5625,1.0625,23.625,5.5,84,7.78,52.7,2850,213,10.7,244,106,21.2,2.07,33.2,2.54,26.1,2.81,17900,65.2,104,39.8,121
W24X370,109,28,1.52,13.7,2.72,3.22,3.625,1.5625,20.75,5.5,370,2.51,14.2,13400,957,11.1,1130,1160,170,3.27,267,3.92,25.3,201,186000,86.6,807,209,568
W24X335,98.3,27.5,1.38,13.5,2.48,2.98,3.375,1.5,20.75,5.5,335,2.73,15.6,11900,864,11,1020,1030,152,3.23,238,3.86,25,152,161000,84.4,707,188,506
W24X306,89.7,27.1,1.26,13.4,2.28,2.78,3.1875,1.4375,20.75,5.5,306,2.94,17.1,10700,789,10.9,922,919,137,3.2,214,3.81,24.8,117,142000,83.1,635,172,459
W24X279,81.9,26.7,1.16,13.3,2.09,2.59,3,1.4375,20.75,5.5,279,3.18,18.6,9600,718,10.8,835,823,124,3.17,193,3.76,24.6,90.5,125000,81.8,569,156,416
W24X250,73.5,26.3,1.04,13.2,1.89,2.39,2.8125,1.375,20.75,5.5,250,3.49,20.7,8490,644,10.7,744,724,110,3.14,171,3.71,24.4,66.6,108000,80.6,502,140,370
W24X229,67.2,26,0.96,13.1,1.73,2.23,2.625,1.3125,20.75,5.5,229,3.79,22.5,7650,588,10.7,675,651,99.4,3.11,154,3.67,24.3,51.3,96100,79.5,450,127,336
W24X207,60.7,25.7,0.87,13,1.57,2.07,2.5,1.25,20.75,5.5,207,4.14,24.8,6820,531,10.6,606,578,88.8,3.08,137,3.62,24.1,38.3,84100,78.4,400,115,302
W24X192,56.5,25.5,0.81,13,1.46,1.96,2.375,1.25,20.75,5.5,192,4.43,26.6,6260,491,10.5,559,530,81.8,3.07,126,3.6,24,30.8,76300,78.1,371,107,280
W24X176,51.7,25.2,0.75,12.9,1.34,1.84,2.25,1.1875,20.75,5.5,176,4.81,28.7,5680,450,10.5,511,479,74.3,3.04,115,3.57,23.9,23.9,68400,76.9,333,97.1,254
W24X162,47.8,25,0.705,13,1.22,1.72,2.125,1.1875,20.75,5.5,162,5.31,30.6,5170,414,10.4,468,443,68.4,3.05,105,3.57,23.8,18.5,62600,77.3,306,89.2,233
W24X146,43,24.7,0.65,12.9,1.09,1.59,2,1.125,20.75,5.5,146,5.92,33.2,4580,371,10.3,418,391,60.5,3.01,93.2,3.53,23.6,13.4,54600,76.1,268,78.8,207
W24X131,38.6,24.5,0.605,12.9,0.96,1.46,1.875,1.125,20.75,5.5,131,6.7,35.6,4020,329,10.2,370,340,53,2.97,81.5,3.49,23.5,9.5,47100,75.9,235,69.5,184
W24X117,34.4,24.3,0.55,12.8,0.85,1.35,1.75,1.125,20.75,5.5,117,7.53,39.2,3540,291,10.1,327,297,46.5,2.94,71.4,3.46,23.5,6.72,40800,75,204,61,163
W24X104,30.7,24.1,0.5,12.8,0.75,1.25,1.625,1.0625,20.75,5.5,104,8.5,43.1,3100,258,10.1,289,259,40.7,2.91,62.4,3.42,23.4,4.72,35200,74.7,179,53.9,144
W24X103,30.3,24.5,0.55,9,0.98,1.48,1.875,1.125,20.75,5.5,103,4.59,39.2,3000,245,10,280,119,26.5,1.99,41.5,2.4,23.5,7.07,16600,52.9,117,48.7,139
W24X94,27.7,24.3,0.515,9.07,0.875,1.38,1.75,1.0625,20.75,5.5,94,5.18,41.9,2700,222,9.87,254,109,24,1.98,37.5,2.4,23.4,5.26,15000,53.1,105,43.8,126
W24X84,24.7,24.1,0.47,9.02,0.77,1.27,1.6875,1.0625,20.75,5.5,84,5.86,45.9,2370,196,9.79,224,94.4,20.9,1.95,32.6,2.37,23.3,3.7,12800,52.6,91.3,38.4,111
W24X76,22.4,23.9,0.44,8.99,0.68,1.18,1.5625,1.0625,20.75,5.5,76,6.61,49,2100,176,9.69,200,82.5,18.4,1.92,28.6,2.33,23.2,2.68,11100,52.2,79.8,33.8,98.9
W24X68,20.1,23.7,0.415,8.97,0.585,1.09,1.5,1.0625,20.75,5.5,68,7.66,52,1830,154,9.55,177,70.4,15.7,1.87,24.5,2.3,23.1,1.87,9430,51.8,68,28.9,87
W24X62,18.2,23.7,0.43,7.04,0.59,1.09,1.5,1.0625,20.75,3.5,62,5.97,50.1,1550,131,9.23,153,34.5,9.8,1.38,15.7,1.75,23.1,1.71,4620,40.7,42.2,22.5,75.3
W24X55,16.2,23.6,0.395,7.01,0.505,1.01,1.4375,1,20.75,3.5,55,6.94,54.6,1350,114,9.11,134,29.1,8.3,1.34,13.3,1.72,23.1,1.18,3870,40.5,35.8,19.3,66.1
W21X201,59.3,23,0.91,12.6,1.63,2.13,2.5,1.3125,18,5.5,201,3.86,20.6,5310,461,9.47,530,542,86.1,3.02,133,3.55,21.4,40.9,62000,67.3,346,102,264
W21X182,53.6,22.7,0.83,12.5,1.48,1.98,2.375,1.25,18,5.5,182,4.22,22.6,4730,417,9.4,476,483,77.2,3,119,3.51,21.2,30.7,54400,66.3,307,91.6,237
W21X166,48.8,22.5,0.75,12.4,1.36,1.86,2.25,1.1875,18,5.5,166,4.57,25,4280,380,9.36,432,435,70,2.99,108,3.48,21.1,23.6,48500,65.5,276,83.7,215
W21X147,43.2,22.1,0.72,12.5,1.15,1.65,2,1.1875,18,5.5,147,5.44,26.1,3630,329,9.17,373,376,60.1,2.95,92.6,3.46,21,15.4,41100,65.5,235,71,186
W21X132,38.8,21.8,0.65,12.4,1.04,1.54,1.9375,1.125,18,5.5,132,6.01,28.9,3220,295,9.12,333,333,53.5,2.93,82.3,3.43,20.8,11.3,36000,64.4,206,62.8,164
W21X122,35.9,21.7,0.6,12.4,0.96,1.46,1.8125,1.125,18,5.5,122,6.45,31.3,2960,273,9.09,307,305,49.2,2.92,75.6,3.4,20.7,8.98,32700,64.3,191,58.7,153
W21X111,32.6,21.5,0.55,12.3,0.875,1.38,1.75,1.125,18,5.5,111,7.05,34.1,2670,249,9.05,279,274,44.5,2.9,68.2,3.37,20.6,6.83,29200,63.4,171,53,138
W21X101,29.8,21.4,0.5,12.3,0.8,1.3,1.6875,1.0625,18,5.5,101,7.68,37.5,2420,227,9.02,253,248,40.3,2.89,61.7,3.35,20.6,5.21,26200,63.3,156,48.6,126
W21X93,27.3,21.6,0.58,8.42,0.93,1.43,1.625,0.9375,18.375,5.5,93,4.53,32.3,2070,192,8.7,221,92.9,22.1,1.84,34.7,2.24,20.7,6.03,9940,43.5,85.2,37.7,109
W21X83,24.4,21.4,0.515,8.36,0.835,1.34,1.5,0.875,18.375,5.5,83,5,36.4,1830,171,8.67,196,81.4,19.5,1.83,30.5,2.21,20.6,4.34,8630,43,75,33.7,96.8
W21X73,21.5,21.2,0.455,8.3,0.74,1.24,1.4375,0.875,18.375,5.5,73,5.6,41.2,1600,151,8.64,172,70.6,17,1.81,26.6,2.19,20.5,3.02,7410,42.5,65.2,29.7,85
W21X68,20,21.1,0.43,8.27,0.685,1.19,1.375,0.875,18.375,5.5,68,6.04,43.6,1480,140,8.6,160,64.7,15.7,1.8,24.4,2.17,20.4,2.45,6760,42.2,59.8,27.4,78.7
W21X62,18.3,21,0.4,8.24,0.615,1.12,1.3125,0.8125,18.375,5.5,62,6.7,46.9,1330,127,8.54,144,57.5,14,1.77,21.7,2.15,20.4,1.83,5960,42,53.2,24.6,71.2
W21X55,16.2,20.8,0.375,8.22,0.522,1.02,1.1875,0.8125,18.375,5.5,55,7.87,50,1140,110,8.4,126,48.4,11.8,1.73,18.4,2.11,20.28,1.24,4980,41.7,44.7,20.8,61.8
W21X48,14.1,20.6,0.35,8.14,0.43,0.93,1.125,0.8125,18.375,5.5,48,9.47,53.6,959,93,8.24,107,38.7,9.52,1.66,14.9,2.05,20.2,0.803,3950,41,35.9,16.9,52.3
W21X57,16.7,21.1,0.405,6.56,0.65,1.15,1.3125,0.8125,18.375,3.5,57,5.04,46.3,1170,111,8.36,129,30.6,9.35,1.35,14.8,1.68,20.5,1.77,3190,33.5,35.8,20.5,63.4
W21X50,14.7,20.8,0.38,6.53,0.535,1.04,1.25,0.8125,18.375,3.5,50,6.1,49.4,984,94.5,8.18,110,24.9,7.64,1.3,12.2,1.64,20.3,1.14,2570,33.1,28.9,16.7,53.9
W21X44,13,20.7,0.35,6.5,0.45,0.95,1.125,0.8125,18.375,3.5,44,7.22,53.6,843,81.6,8.06,95.4,20.7,6.37,1.26,10.2,1.6,20.3,0.77,2110,32.9,24.1,14,46.8
W18X311,91.6,22.3,1.52,12,2.74,3.24,3.4375,1.375,15.5,5.5,311,2.19,10.4,6970,624,8.72,754,795,132,2.95,207,3.53,19.6,176,76200,58.7,482,140,375
W18X283,83.3,21.9,1.4,11.9,2.5,3,3.1875,1.3125,15.5,5.5,283,2.38,11.3,6170,565,8.61,676,704,118,2.91,185,3.47,19.4,134,65900,57.7,429,127,339
W18X258,76,21.5,1.28,11.8,2.3,2.7,3,1.25,15.5,5.5,258,2.56,12.5,5510,514,8.53,611,628,107,2.88,166,3.42,19.2,103,57600,56.6,384,116,306
W18X234,68.6,21.1,1.16,11.7,2.11,2.51,2.75,1.1875,15.5,5.5,234,2.76,13.8,4900,466,8.44,549,558,95.8,2.85,149,3.37,19,78.7,50100,55.5,343,106,276
W18X211,62.3,20.7,1.06,11.6,1.91,2.31,2.5625,1.1875,15.5,5.5,211,3.02,15.1,4330,419,8.35,490,493,85.3,2.82,132,3.32,18.8,58.6,43400,54.5,302,94.6,246
W18X192,56.2,20.4,0.96,11.5,1.75,2.15,2.4375,1.125,15.5,5.5,192,3.27,16.7,3870,380,8.28,442,440,76.8,2.79,119,3.28,18.7,44.7,38000,53.6,270,86,222
W18X175,51.4,20,0.89,11.4,1.59,1.99,2.4375,1.25,15.125,5.5,175,3.58,18,3450,344,8.2,398,391,68.8,2.76,106,3.24,18.4,33.8,33300,52.5,238,76.9,198
W18X158,46.3,19.7,0.81,11.3,1.44,1.84,2.375,1.25,15.125,5.5,158,3.92,19.8,3060,310,8.12,356,347,61.4,2.74,94.8,3.2,18.3,25.2,29000,51.6,210,69,177
W18X143,42,19.5,0.73,11.2,1.32,1.72,2.1875,1.1875,15.125,5.5,143,4.25,22,2750,282,8.09,322,311,55.5,2.72,85.4,3.17,18.2,19.2,25700,50.9,188,62.8,160
W18X130,38.3,19.3,0.67,11.2,1.2,1.6,2.0625,1.1875,15.125,5.5,130,4.65,23.9,2460,256,8.03,290,278,49.9,2.7,76.7,3.13,18.1,14.5,22700,50.7,170,57.2,146
W18X119,35.1,19,0.655,11.3,1.06,1.46,1.9375,1.1875,15.125,5.5,119,5.31,24.5,2190,231,7.9,262,253,44.9,2.69,69.1,3.13,17.9,10.6,20300,50.7,152,50.6,131
W18X106,31.1,18.7,0.59,11.2,0.94,1.34,1.8125,1.125,15.125,5.5,106,5.96,27.2,1910,204,7.84,230,220,39.4,2.66,60.5,3.1,17.8,7.48,17400,49.7,131,44.3,114
W18X97,28.5,18.6,0.535,11.1,0.87,1.27,1.75,1.125,15.125,5.5,97,6.41,30,1750,188,7.82,211,201,36.1,2.65,55.3,3.08,17.7,5.86,15800,49.2,119,40.7,105
W18X86,25.3,18.4,0.48,11.1,0.77,1.17,1.625,1.0625,15.125,5.5,86,7.2,33.4,1530,166,7.77,186,175,31.6,2.63,48.4,3.05,17.6,4.1,13600,48.9,105,36,92.4
W18X76,22.3,18.2,0.425,11,0.68,1.08,1.5625,1.0625,15.125,5.5,76,8.11,37.8,1330,146,7.73,163,152,27.6,2.61,42.2,3.02,17.5,2.83,11700,48.2,90.1,31.5,80.6
W18X71,20.9,18.5,0.495,7.64,0.81,1.21,1.5,0.875,15.5,3.5,71,4.71,32.4,1170,127,7.5,146,60.3,15.8,1.7,24.7,2.05,17.7,3.49,4700,33.8,52.3,25.6,72.4
W18X65,19.1,18.4,0.45,7.59,0.75,1.15,1.4375,0.875,15.5,3.5,65,5.06,35.7,1070,117,7.49,133,54.8,14.4,1.69,22.5,2.03,17.7,2.73,4240,33.5,47.7,23.6,66.3
W18X60,17.6,18.2,0.415,7.56,0.695,1.1,1.375,0.8125,15.5,3.5,60,5.44,38.7,984,108,7.47,123,50.1,13.3,1.68,20.6,2.02,17.5,2.17,3850,33.1,43.5,21.7,60.6
W18X55,16.2,18.1,0.39,7.53,0.63,1.03,1.3125,0.8125,15.5,3.5,55,5.98,41.1,890,98.3,7.41,112,44.9,11.9,1.67,18.5,2,17.5,1.66,3430,32.9,39,19.6,55.3
W18X50,14.7,18,0.355,7.5,0.57,0.972,1.25,0.8125,15.5,3.5,50,6.57,45.2,800,88.9,7.38,101,40.1,10.7,1.65,16.6,1.98,17.4,1.24,3040,32.7,34.9,17.7,49.9
W18X46,13.5,18.1,0.36,6.06,0.605,1.01,1.25,0.8125,15.5,3.5,46,5.01,44.6,712,78.8,7.25,90.7,22.5,7.43,1.29,11.7,1.58,17.5,1.22,1720,26.5,24.3,15.1,44.9
W18X40,11.8,17.9,0.315,6.02,0.525,0.927,1.1875,0.8125,15.5,3.5,40,5.73,50.9,612,68.4,7.21,78.4,19.1,6.35,1.27,10,1.56,17.4,0.81,1440,26.1,20.7,13,38.6
W18X35,10.3,17.7,0.3,6,0.425,0.827,1.125,0.75,15.5,3.5,35,7.06,53.5,510,57.6,7.04,66.5,15.3,5.12,1.22,8.06,1.51,17.3,0.506,1140,25.9,16.5,10.5,32.7
W16X100,29.4,17,0.585,10.4,0.985,1.39,1.875,1.125,13.25,5.5,100,5.29,24.3,1490,175,7.1,198,186,35.7,2.51,54.9,2.92,16,7.73,11900,41.6,107,38.7,98.5
W16X89,26.2,16.8,0.525,10.4,0.875,1.28,1.75,1.0625,13.25,5.5,89,5.92,27,1300,155,7.05,175,163,31.4,2.49,48.1,2.88,15.9,5.45,10200,41.4,94.2,34.4,87.3
W16X77,22.6,16.5,0.455,10.3,0.76,1.16,1.625,1.0625,13.25,5.5,77,6.77,31.2,1110,134,7,150,138,26.9,2.47,41.1,2.85,15.7,3.57,8590,40.5,79.3,29.4,74.4
W16X67,19.6,16.3,0.395,10.2,0.665,1.07,1.5625,1,13.25,5.5,67,7.7,35.9,954,117,6.96,130,119,23.2,2.46,35.5,2.82,15.6,2.39,7300,39.9,67.6,25.5,64.1
W16X57,16.8,16.4,0.43,7.12,0.715,1.12,1.375,0.875,13.625,3.5,57,4.98,33,758,92.2,6.72,105,43.1,12.1,1.6,18.9,1.92,15.7,2.22,2660,27.9,35.5,18.8,52
W16X50,14.7,16.3,0.38,7.07,0.63,1.03,1.3125,0.8125,13.625,3.5,50,5.61,37.4,659,81,6.68,92,37.2,10.5,1.59,16.3,1.89,15.7,1.52,2270,27.7,30.8,16.5,45.6
W16X45,13.3,16.1,0.345,7.04,0.565,0.967,1.25,0.8125,13.625,3.5,45,6.23,41.1,586,72.7,6.65,82.3,32.8,9.34,1.57,14.5,1.87,15.5,1.11,1990,27.3,27.2,14.7,40.6
W16X40,11.8,16,0.305,7,0.505,0.907,1.1875,0.8125,13.625,3.5,40,6.93,46.5,518,64.7,6.63,73,28.9,8.25,1.57,12.7,1.86,15.5,0.794,1730,27.1,24,13.1,36
W16X36,10.6,15.9,0.295,6.99,0.43,0.832,1.125,0.75,13.625,3.5,36,8.12,48.1,448,56.5,6.51,64,24.5,7,1.52,10.8,1.83,15.5,0.545,1460,27,20.3,11.1,31.6
W16X31,9.13,15.9,0.275,5.53,0.44,0.842,1.125,0.75,13.625,3.5,31,6.28,51.6,375,47.2,6.41,54,12.4,4.49,1.17,7.03,1.42,15.5,0.461,739,21.4,13,8.94,26.6
W16X26,7.68,15.7,0.25,5.5,0.345,0.747,1.0625,0.75,13.625,3.5,26,7.97,56.8,301,38.4,6.26,44.2,9.59,3.49,1.12,5.48,1.38,15.4,0.262,565,21.1,10,6.95,21.6
W14X730,215,22.4,3.07,17.9,4.91,5.51,6.1875,2.75,10,(3) 7.5 (3),730,1.82,3.71,14300,1280,8.17,1660,4720,527,4.69,816,5.68,17.5,1450,362000,78.3,1720,318,829
W14X665,196,21.6,2.83,17.7,4.52,5.12,5.8125,2.625,10,(3) 7.5 (3),665,1.95,4.03,12400,1150,7.98,1480,4170,472,4.62,730,5.57,17.1,1120,305000,75.6,1510,287,739
W14X605,178,20.9,2.6,17.4,4.16,4.76,5.4375,2.5,10,(3) 7.5 (3),605,2.09,4.39,10800,1040,7.8,1320,3680,423,4.55,652,5.44,16.7,869,258000,72.8,1320,258,657
W14X550,162,20.2,2.38,17.2,3.82,4.42,5.125,2.375,10,(3) 7.5 (3),550,2.25,4.79,9430,931,7.63,1180,3250,378,4.49,583,5.35,16.4,669,219000,70.4,1160,232,585
W14X500,147,19.6,2.19,17,3.5,4.1,4.8125,2.3125,10,(3) 7.5 (3),500,2.43,5.21,8210,838,7.48,1050,2880,339,4.43,522,5.26,16.1,514,187000,68.4,1020,209,522
W14X455,134,19,2.02,16.8,3.21,3.81,4.5,2.25,10,(3) 7.5 (3),455,2.62,5.66,7190,756,7.33,936,2560,304,4.38,468,5.17,15.8,395,160000,66.3,894,187,466
W14X426,125,18.7,1.88,16.7,3.04,3.63,4.3125,2.125,10,(3) 7.5 (3),426,2.75,6.08,6600,706,7.26,869,2360,283,4.34,434,5.11,15.7,331,144000,65.4,830,176,435
W14X398,117,18.3,1.77,16.6,2.85,3.44,4.125,2.125,10,(3) 7.5 (3),398,2.92,6.44,6000,656,7.16,801,2170,262,4.31,402,5.05,15.5,273,129000,64.1,758,163,401
W14X370,109,17.9,1.66,16.5,2.66,3.26,3.9375,2.0625,10,(3) 7.5 (3),370,3.1,6.89,5440,607,7.07,736,1990,241,4.27,370,5,15.2,222,116000,62.9,690,150,367
W14X342,101,17.5,1.54,16.4,2.47,3.07,3.75,2,10,(3) 7.5 (3),342,3.31,7.41,4900,558,6.98,672,1810,221,4.24,338,4.95,15,178,103000,61.6,624,138,335
W14X311,91.4,17.1,1.41,16.2,2.26,2.86,3.5625,1.9375,10,(3) 7.5 (3),311,3.59,8.09,4330,506,6.88,603,1610,199,4.2,304,4.87,14.8,136,89100,60.1,550,124,300
W14X283,83.3,16.7,1.29,16.1,2.07,2.67,3.375,1.875,10,(3) 7.5 (3),283,3.89,8.84,3840,459,6.79,542,1440,179,4.17,274,4.8,14.6,104,77700,58.9,491,112,269
W14X257,75.6,16.4,1.18,16,1.89,2.49,3.1875,1.8125,10,(3) 7.5 (3),257,4.23,9.71,3400,415,6.71,487,1290,161,4.13,246,4.75,14.5,79.1,67800,58,439,102,243
W14X233,68.5,16,1.07,15.9,1.72,2.32,3,1.75,10,(3) 7.5 (3),233,4.62,10.7,3010,375,6.63,436,1150,145,4.1,221,4.69,14.3,59.5,59000,56.8,388,91.1,216
W14X211,62,15.7,0.98,15.8,1.56,2.16,2.875,1.6875,10,(3) 7.5 (3),211,5.06,11.6,2660,338,6.55,390,1030,130,4.07,198,4.64,14.1,44.6,51500,55.9,344,81.7,194
W14X193,56.8,15.5,0.89,15.7,1.44,2.04,2.75,1.6875,10,(3) 7.5 (3),193,5.45,12.8,2400,310,6.5,355,931,119,4.05,180,4.59,14.1,34.8,45900,55.2,312,75,177
W14X176,51.8,15.2,0.83,15.7,1.31,1.91,2.625,1.625,10,(3) 7.5 (3),176,5.97,13.7,2140,281,6.43,320,838,107,4.02,163,4.55,13.9,26.5,40500,54.5,280,67.6,159
W14X159,46.7,15,0.745,15.6,1.19,1.79,2.5,1.5625,10,(3) 7.5 (3),159,6.54,15.3,1900,254,6.38,287,748,96.2,4,146,4.51,13.8,19.7,35600,53.9,250,61,143
W14X145,42.7,14.8,0.68,15.5,1.09,1.69,2.375,1.5625,10,(3) 7.5 (3),145,7.11,16.8,1710,232,6.33,260,677,87.3,3.98,133,4.47,13.7,15.2,31700,53.1,224,55.4,129
W14X132,38.8,14.7,0.645,14.7,1.03,1.63,2.3125,1.5625,10,5.5,132,7.15,17.7,1530,209,6.28,234,548,74.5,3.76,113,4.23,13.7,12.3,25500,50.2,190,49.5,116
W14X120,35.3,14.5,0.59,14.7,0.94,1.54,2.25,1.5,10,5.5,120,7.8,19.3,1380,190,6.24,212,495,67.5,3.74,102,4.2,13.6,9.37,22700,49.8,172,45,105
W14X109,32,14.3,0.525,14.6,0.86,1.46,2.1875,1.5,10,5.5,109,8.49,21.7,1240,173,6.22,192,447,61.2,3.73,92.7,4.17,13.4,7.12,20200,49.1,154,40.7,94.8
W14X99,29.1,14.2,0.485,14.6,0.78,1.38,2.0625,1.4375,10,5.5,99,9.34,23.5,1110,157,6.17,173,402,55.2,3.71,83.6,4.14,13.4,5.37,18000,49,139,36.9,86.1
W14X90,26.5,14,0.44,14.5,0.71,1.31,2,1.4375,10,5.5,90,10.2,25.9,999,143,6.14,157,362,49.9,3.7,75.6,4.1,13.3,4.06,16000,48.2,124,33.2,77.1
W14X82,24,14.3,0.51,10.1,0.855,1.45,1.6875,1.0625,10.875,5.5,82,5.92,22.4,881,123,6.05,139,148,29.3,2.48,44.8,2.85,13.4,5.07,6710,33.9,73.3,27.6,68.2
W14X74,21.8,14.2,0.45,10.1,0.785,1.38,1.625,1.0625,10.875,5.5,74,6.41,25.4,795,112,6.04,126,134,26.6,2.48,40.5,2.83,13.4,3.87,5990,33.9,67.1,25.4,62.2
W14X68,20,14,0.415,10,0.72,1.31,1.5625,1.0625,10.875,5.5,68,6.97,27.5,722,103,6.01,115,121,24.2,2.46,36.9,2.8,13.3,3.01,5380,33.2,59.8,22.9,56
W14X61,17.9,13.9,0.375,10,0.645,1.24,1.5,1,10.875,5.5,61,7.75,30.4,640,92.1,5.98,102,107,21.5,2.45,32.8,2.78,13.3,2.19,4710,33.1,53.4,20.6,50.2
W14X53,15.6,13.9,0.37,8.06,0.66,1.25,1.5,1,10.875,5.5,53,6.11,30.9,541,77.8,5.89,87.1,57.7,14.3,1.92,22,2.22,13.2,1.94,2540,26.7,35.5,16.8,42.5
W14X48,14.1,13.8,0.34,8.03,0.595,1.19,1.4375,1,10.875,5.5,48,6.75,33.6,484,70.2,5.85,78.4,51.4,12.8,1.91,19.6,2.2,13.2,1.45,2240,26.5,31.7,15.1,38.3
W14X43,12.6,13.7,0.305,8,0.53,1.12,1.375,1,10.875,5.5,43,7.54,37.4,428,62.6,5.82,69.6,45.2,11.3,1.89,17.3,2.18,13.2,1.05,1950,26.3,27.9,13.4,34
W14X38,11.2,14.1,0.31,6.77,0.515,0.915,1.25,0.8125,11.625,3.5,38,6.57,39.6,385,54.6,5.87,61.5,26.7,7.88,1.55,12.1,1.82,13.6,0.798,1230,23,20,11.3,30.3
W14X34,10,14,0.285,6.75,0.455,0.855,1.1875,0.75,11.625,3.5,34,7.41,43.1,340,48.6,5.83,54.6,23.3,6.91,1.53,10.6,1.8,13.5,0.569,1070,22.9,17.6,10,26.9
W14X30,8.85,13.8,0.27,6.73,0.385,0.785,1.125,0.75,11.625,3.5,30,8.74,45.4,291,42,5.73,47.3,19.6,5.82,1.49,8.99,1.77,13.4,0.38,887,22.6,14.6,8.34,23.1
W14X26,7.69,13.9,0.255,5.03,0.42,0.82,1.125,0.75,11.625,2.75,26,5.98,48.1,245,35.3,5.65,40.2,8.91,3.55,1.08,5.54,1.3,13.5,0.358,405,17,8.95,6.76,19.7
W14X22,6.49,13.7,0.23,5,0.335,0.735,1.0625,0.75,11.625,2.75,22,7.46,53.3,199,29,5.54,33.2,7,2.8,1.04,4.39,1.27,13.4,0.208,314,16.7,7,5.34,16.1
W12X336,98.9,16.8,1.78,13.4,2.96,3.55,3.875,1.6875,9.125,5.5,336,2.26,5.47,4060,483,6.41,603,1190,177,3.47,274,4.13,13.8,243,57000,46.4,460,119,301
W12X305,89.5,16.3,1.63,13.2,2.71,3.3,3.625,1.625,9.125,5.5,305,2.45,5.98,3550,435,6.29,537,1050,159,3.42,244,4.05,13.6,185,48600,44.8,401,107,267
W12X279,81.9,15.9,1.53,13.1,2.47,3.07,3.375,1.625,9.125,5.5,279,2.66,6.35,3110,393,6.16,481,937,143,3.38,220,4,13.4,143,42000,44,356,96,240
W12X252,74.1,15.4,1.4,13,2.25,2.85,3.125,1.5,9.125,5.5,252,2.89,6.96,2720,353,6.06,428,828,127,3.34,196,3.93,13.2,108,35800,42.7,313,85.8,213
W12X230,67.7,15.1,1.29,12.9,2.07,2.67,2.9375,1.5,9.125,5.5,230,3.11,7.56,2420,321,5.97,386,742,115,3.31,177,3.87,13,83.8,31200,42,281,78.3,193
W12X210,61.8,14.7,1.18,12.8,1.9,2.5,2.8125,1.4375,9.125,5.5,210,3.37,8.23,2140,292,5.89,348,664,104,3.28,159,3.81,12.8,64.7,27200,41,249,70.6,173
W12X190,56,14.4,1.06,12.7,1.74,2.33,2.625,1.375,9.125,5.5,190,3.65,9.16,1890,263,5.82,311,589,93,3.25,143,3.77,12.7,48.8,23600,40.2,222,64.1,156
W12X170,50,14,0.96,12.6,1.56,2.16,2.4375,1.3125,9.125,5.5,170,4.03,10.1,1650,235,5.74,275,517,82.3,3.22,126,3.7,12.4,35.6,20100,39.2,193,56.5,136
W12X152,44.7,13.7,0.87,12.5,1.4,2,2.3125,1.25,9.125,5.5,152,4.46,11.2,1430,209,5.66,243,454,72.8,3.19,111,3.66,12.3,25.8,17200,38.4,168,50.1,121
W12X136,39.9,13.4,0.79,12.4,1.25,1.85,2.125,1.25,9.125,5.5,136,4.96,12.3,1240,186,5.58,214,398,64.2,3.16,98,3.61,12.2,18.5,14700,37.7,146,44.1,106
W12X120,35.2,13.1,0.71,12.3,1.11,1.7,2,1.1875,9.125,5.5,120,5.57,13.7,1070,163,5.51,186,345,56,3.13,85.4,3.56,12,12.9,12400,36.9,126,38.6,92.4
W12X106,31.2,12.9,0.61,12.2,0.99,1.59,1.875,1.125,9.125,5.5,106,6.17,15.9,933,145,5.47,164,301,49.3,3.11,75.1,3.52,11.9,9.13,10700,36.3,110,34.2,81
W12X96,28.2,12.7,0.55,12.2,0.9,1.5,1.8125,1.125,9.125,5.5,96,6.76,17.7,833,131,5.44,147,270,44.4,3.09,67.5,3.49,11.8,6.85,9410,36,98.8,30.9,73
W12X87,25.6,12.5,0.515,12.1,0.81,1.41,1.6875,1.0625,9.125,5.5,87,7.48,18.9,740,118,5.38,132,241,39.7,3.07,60.4,3.46,11.7,5.1,8270,35.4,86.6,27.4,64.9
W12X79,23.2,12.4,0.47,12.1,0.735,1.33,1.625,1.0625,9.125,5.5,79,8.22,20.7,662,107,5.34,119,216,35.8,3.05,54.3,3.43,11.7,3.84,7330,35.3,78.5,24.9,58.9
W12X72,21.1,12.3,0.43,12,0.67,1.27,1.5625,1.0625,9.125,5.5,72,8.99,22.6,597,97.4,5.31,108,195,32.4,3.04,49.2,3.41,11.6,2.93,6540,34.9,70.1,22.5,53.2
W12X65,19.1,12.1,0.39,12,0.605,1.2,1.5,1,9.125,5.5,65,9.92,24.9,533,87.9,5.28,96.8,174,29.1,3.02,44.1,3.38,11.5,2.18,5780,34.5,62.6,20.2,47.5
W12X58,17,12.2,0.36,10,0.64,1.24,1.5,0.9375,9.25,5.5,58,7.82,27,475,78,5.28,86.4,107,21.4,2.51,32.5,2.81,11.6,2.1,3570,28.9,46.2,17.8,42.4
W12X53,15.6,12.1,0.345,10,0.575,1.18,1.375,0.9375,9.25,5.5,53,8.69,28.1,425,70.6,5.23,77.9,95.8,19.2,2.48,29.1,2.79,11.5,1.58,3160,28.8,41.4,16,38.3
W12X50,14.6,12.2,0.37,8.08,0.64,1.14,1.5,0.9375,9.25,5.5,50,6.31,26.8,391,64.2,5.18,71.9,56.3,13.9,1.96,21.3,2.25,11.6,1.71,1880,23.4,30.2,14.3,35.4
W12X45,13.1,12.1,0.335,8.05,0.575,1.08,1.375,0.9375,9.25,5.5,45,7,29.6,348,57.7,5.15,64.2,50,12.4,1.95,19,2.23,11.5,1.26,1650,23.2,26.8,12.8,31.7
W12X40,11.7,11.9,0.295,8.01,0.515,1.02,1.375,0.875,9.25,5.5,40,7.77,33.6,307,51.5,5.13,57,44.1,11,1.94,16.8,2.21,11.4,0.906,1440,22.8,23.5,11.3,27.8
W12X35,10.3,12.5,0.3,6.56,0.52,0.82,1.1875,0.75,10.125,3.5,35,6.31,36.2,285,45.6,5.25,51.2,24.5,7.47,1.54,11.5,1.79,12,0.741,879,19.6,16.8,9.75,25.4
W12X30,8.79,12.3,0.26,6.52,0.44,0.74,1.125,0.75,10.125,3.5,30,7.41,41.8,238,38.6,5.21,43.1,20.3,6.24,1.52,9.56,1.77,11.9,0.457,720,19.3,13.9,8.17,21.3
W12X26,7.65,12.2,0.23,6.49,0.38,0.68,1.0625,0.75,10.125,3.5,26,8.54,47.2,204,33.4,5.17,37.2,17.3,5.34,1.51,8.17,1.75,11.8,0.3,607,19.2,11.8,7.03,18.3
W12X22,6.48,12.3,0.26,4.03,0.425,0.725,0.9375,0.625,10.375,2.25,22,4.74,41.8,156,25.4,4.91,29.3,4.66,2.31,0.848,3.66,1.04,11.9,0.293,164,12,5.12,4.76,14.4
W12X19,5.57,12.2,0.235,4.01,0.35,0.65,0.875,0.5625,10.375,2.25,19,5.72,46.2,130,21.3,4.82,24.7,3.76,1.88,0.822,2.98,1.02,11.9,0.18,131,11.9,4.17,3.91,12.2
W12X16,4.71,12,0.22,3.99,0.265,0.565,0.8125,0.5625,10.375,2.25,16,7.53,49.4,103,17.1,4.67,20.1,2.82,1.41,0.773,2.26,0.983,11.7,0.103,96.9,11.7,3.09,2.93,9.82
W12X14,4.16,11.9,0.2,3.97,0.225,0.525,0.75,0.5625,10.375,2.25,14,8.82,54.3,88.6,14.9,4.62,17.4,2.36,1.19,0.753,1.9,0.961,11.7,0.0704,80.4,11.6,2.59,2.48,8.49
W10X112,32.9,11.4,0.755,10.4,1.25,1.75,1.9375,1,7.5,5.5,112,4.17,10.4,716,126,4.66,147,236,45.3,2.68,69.2,3.08,10.2,15.1,6020,26.4,85.8,30.6,73.5
W10X100,29.3,11.1,0.68,10.3,1.12,1.62,1.8125,1,7.5,5.5,100,4.62,11.6,623,112,4.6,130,207,40,2.65,61,3.04,10,10.9,5150,25.7,74.1,26.9,64.2
W10X88,26,10.8,0.605,10.3,0.99,1.49,1.6875,0.9375,7.5,5.5,88,5.18,13,534,98.5,4.54,113,179,34.8,2.63,53.1,2.99,9.81,7.53,4330,25.3,64.4,23.5,55.9
W10X77,22.7,10.6,0.53,10.2,0.87,1.37,1.5625,0.875,7.5,5.5,77,5.86,14.8,455,85.9,4.49,97.6,154,30.1,2.6,45.9,2.95,9.73,5.11,3630,24.8,55,20.5,48.4
W10X68,19.9,10.4,0.47,10.1,0.77,1.27,1.4375,0.875,7.5,5.5,68,6.58,16.7,394,75.7,4.44,85.3,134,26.4,2.59,40.1,2.92,9.63,3.56,3100,24.3,47.3,17.9,42.1
W10X60,17.7,10.2,0.42,10.1,0.68,1.18,1.375,0.8125,7.5,5.5,60,7.41,18.7,341,66.7,4.39,74.6,116,23,2.57,35,2.88,9.52,2.48,2640,24,41.3,15.7,36.8
W10X54,15.8,10.1,0.37,10,0.615,1.12,1.3125,0.8125,7.5,5.5,54,8.15,21.2,303,60,4.37,66.6,103,20.6,2.56,31.3,2.85,9.49,1.82,2320,23.7,36.5,14,32.8
W10X49,14.4,10,0.34,10,0.56,1.06,1.25,0.8125,7.5,5.5,49,8.93,23.1,272,54.6,4.35,60.4,93.4,18.7,2.54,28.3,2.84,9.44,1.39,2070,23.6,33,12.8,29.8
W10X45,13.3,10.1,0.35,8.02,0.62,1.12,1.3125,0.8125,7.5,5.5,45,6.47,22.5,248,49.1,4.32,54.9,53.4,13.3,2.01,20.3,2.27,9.48,1.51,1200,19,23.6,11.3,27
W10X39,11.5,9.92,0.315,7.99,0.53,1.03,1.1875,0.8125,7.5,5.5,39,7.53,25,209,42.1,4.27,46.8,45,11.3,1.98,17.2,2.24,9.39,0.976,992,18.8,19.9,9.55,23
W10X33,9.71,9.73,0.29,7.96,0.435,0.935,1.125,0.75,7.5,5.5,33,9.15,27.1,171,35,4.19,38.8,36.6,9.2,1.94,14,2.2,9.3,0.583,791,18.5,16,7.75,18.9
W10X30,8.84,10.5,0.3,5.81,0.51,0.81,1.125,0.6875,8.25,2.75,30,5.7,29.5,170,32.4,4.38,36.6,16.7,5.75,1.37,8.84,1.6,9.99,0.622,414,14.5,10.7,7.02,18.2
W10X26,7.61,10.3,0.26,5.77,0.44,0.74,1.0625,0.6875,8.25,2.75,26,6.56,34,144,27.9,4.35,31.3,14.1,4.89,1.36,7.5,1.58,9.86,0.402,345,14.2,9.03,5.98,15.4
W10X22,6.49,10.2,0.24,5.75,0.36,0.66,0.9375,0.625,8.25,2.75,22,7.99,36.9,118,23.2,4.27,26,11.4,3.97,1.33,6.1,1.55,9.84,0.239,275,14.1,7.32,4.88,12.9
W10X19,5.62,10.2,0.25,4.02,0.395,0.695,0.9375,0.625,8.375,2.25,19,5.09,35.4,96.3,18.8,4.14,21.6,4.29,2.14,0.874,3.35,1.06,9.81,0.233,104,9.85,3.91,3.65,10.6
W10X17,4.99,10.1,0.24,4.01,0.33,0.63,0.875,0.5625,8.375,2.25,17,6.08,36.9,81.9,16.2,4.05,18.7,3.56,1.78,0.845,2.8,1.04,9.77,0.156,85.1,9.79,3.24,3.04,9.14
W10X15,4.41,9.99,0.23,4,0.27,0.57,0.8125,0.5625,8.375,2.25,15,7.41,38.5,68.9,13.8,3.95,16,2.89,1.45,0.81,2.3,1.01,9.72,0.104,68.3,9.73,2.63,2.48,7.83
W10X12,3.54,9.87,0.19,3.96,0.21,0.51,0.75,0.5625,8.375,2.25,12,9.43,46.6,53.8,10.9,3.9,12.6,2.18,1.1,0.785,1.74,0.983,9.66,0.0547,50.9,9.56,1.99,1.91,6.14
W8X67,19.7,9,0.57,8.28,0.935,1.33,1.625,0.9375,5.75,5.5,67,4.43,11.1,272,60.4,3.72,70.1,88.6,21.4,2.12,32.7,2.43,8.07,5.05,1440,16.7,32.3,14.5,34.8
W8X58,17.1,8.75,0.51,8.22,0.81,1.2,1.5,0.875,5.75,5.5,58,5.07,12.4,228,52,3.65,59.8,75.1,18.3,2.1,27.9,2.39,7.94,3.33,1180,16.3,27.2,12.4,29.7
W8X48,14.1,8.5,0.4,8.11,0.685,1.08,1.375,0.8125,5.75,5.5,48,5.92,15.9,184,43.2,3.61,49,60.9,15,2.08,22.9,2.35,7.82,1.96,931,15.8,22,10.3,24.2
W8X40,11.7,8.25,0.36,8.07,0.56,0.954,1.25,0.8125,5.75,5.5,40,7.21,17.6,146,35.5,3.53,39.8,49.1,12.2,2.04,18.5,2.31,7.69,1.12,726,15.5,17.5,8.3,19.7
W8X35,10.3,8.12,0.31,8.02,0.495,0.889,1.1875,0.8125,5.75,5.5,35,8.1,20.5,127,31.2,3.51,34.7,42.6,10.6,2.03,16.1,2.28,7.63,0.769,619,15.3,15.2,7.28,17.1
W8X31,9.13,8,0.285,8,0.435,0.829,1.125,0.75,5.75,5.5,31,9.19,22.3,110,27.5,3.47,30.4,37.1,9.27,2.02,14.1,2.26,7.57,0.536,530,15.1,13.2,6.35,15
W8X28,8.25,8.06,0.285,6.54,0.465,0.859,0.9375,0.625,6.125,3.5,28,7.03,22.3,98,24.3,3.45,27.2,21.7,6.63,1.62,10.1,1.84,7.6,0.537,312,12.4,9.44,5.52,13.4
W8X24,7.08,7.93,0.245,6.5,0.4,0.794,0.875,0.5625,6.125,3.5,24,8.12,25.9,82.7,20.9,3.42,23.1,18.3,5.63,1.61,8.57,1.81,7.53,0.346,259,12.2,7.95,4.71,11.3
W8X21,6.16,8.28,0.25,5.27,0.4,0.7,0.875,0.5625,6.5,2.75,21,6.59,27.5,75.3,18.2,3.49,20.4,9.77,3.71,1.26,5.69,1.46,7.88,0.282,152,10.4,5.47,3.96,10.1
W8X18,5.26,8.14,0.23,5.25,0.33,0.63,0.8125,0.5625,6.5,2.75,18,7.95,29.9,61.9,15.2,3.43,17,7.97,3.04,1.23,4.66,1.43,7.81,0.172,122,10.3,4.44,3.23,8.37
W8X15,4.44,8.11,0.245,4.015,0.315,0.615,0.8125,0.5625,6.5,2.25,15,6.37,28.1,48,11.8,3.29,13.6,3.41,1.7,0.876,2.67,1.06,7.8,0.137,51.8,7.81,2.47,2.31,6.64
W8X13,3.84,7.99,0.23,4,0.255,0.555,0.75,0.5625,6.5,2.25,13,7.84,29.9,39.6,9.91,3.21,11.4,2.73,1.37,0.843,2.15,1.03,7.74,0.0871,40.8,7.74,1.97,1.86,5.55
W8X10,2.96,7.89,0.17,3.94,0.205,0.505,0.6875,0.5,6.5,2.25,10,9.61,40.5,30.8,7.81,3.22,8.87,2.09,1.06,0.841,1.66,1.01,7.69,0.0426,30.9,7.57,1.53,1.48,4.29
W6X25,7.34,6.38,0.32,6.08,0.455,0.705,0.9375,0.5625,4.5,3.5,25,6.68,15.5,53.4,16.7,2.7,18.9,17.1,5.61,1.52,8.56,1.74,5.93,0.461,150,9.01,6.23,3.88,9.39
W6X20,5.87,6.2,0.26,6.02,0.365,0.615,0.875,0.5625,4.5,3.5,20,8.25,19.1,41.4,13.4,2.66,15,13.3,4.41,1.5,6.72,1.7,5.84,0.24,113,8.78,4.82,3.07,7.38
W6X15,4.43,5.99,0.23,5.99,0.26,0.51,0.75,0.5625,4.5,3.5,15,11.5,21.6,29.1,9.72,2.56,10.8,9.32,3.11,1.45,4.75,1.66,5.73,0.101,76.5,8.58,3.34,2.15,5.32
W6X16,4.74,6.28,0.26,4.03,0.405,0.655,0.875,0.5625,4.5,2.25,16,4.98,19.1,32.1,10.2,2.6,11.7,4.43,2.2,0.967,3.39,1.13,5.88,0.223,38.2,5.92,2.42,2.24,5.77
W6X12,3.55,6.03,0.23,4,0.28,0.53,0.75,0.5625,4.5,2.25,12,7.14,21.6,22.1,7.31,2.49,8.3,2.99,1.5,0.918,2.32,1.08,5.75,0.0903,24.7,5.75,1.61,1.52,4.08
W6X9,2.68,5.9,0.17,3.94,0.215,0.465,0.6875,0.5,4.5,2.25,9,9.16,29.2,16.4,5.56,2.47,6.23,2.2,1.11,0.905,1.72,1.06,5.69,0.0405,17.7,5.6,1.19,1.15,3.04
W6X8.5,2.52,5.83,0.17,3.94,0.195,0.445,0.6875,0.5,4.5,2.25,8.5,10.1,29.1,14.9,5.1,2.43,5.73,1.99,1.01,0.89,1.56,1.05,5.64,0.0333,15.8,5.55,1.06,1.03,2.78
W5X19,5.56,5.15,0.27,5.03,0.43,0.73,0.8125,0.4375,3.5,2.75,19,5.85,13.7,26.3,10.2,2.17,11.6,9.13,3.63,1.28,5.53,1.45,4.72,0.316,50.9,5.94,3.21,2.42,5.73
W5X16,4.71,5.01,0.24,5,0.36,0.66,0.75,0.4375,3.5,2.75,16,6.94,15.4,21.4,8.55,2.13,9.63,7.51,3,1.26,4.58,1.43,4.65,0.192,40.6,5.81,2.62,1.99,4.74
W4X13,3.83,4.16,0.28,4.06,0.345,0.595,0.75,0.5,2.625,2.25,13,5.88,10.6,11.3,5.46,1.72,6.28,3.86,1.9,1,2.92,1.16,3.82,0.151,14,3.87,1.36,1.24,3.09
M12.5X12.4,3.63,12.5,0.155,3.75,0.228,0.563,0.5625,0.375,11.375,---,12.4,8.22,74.8,89.3,14.2,4.96,16.5,2.01,1.07,0.744,1.68,0.933,12.3,0.0493,76,11.5,2.46,2.51,8.06
M12.5X11.6,3.4,12.5,0.155,3.5,0.211,0.563,0.5625,0.375,11.375,---,11.6,8.29,74.8,80.3,12.8,4.86,15,1.51,0.864,0.667,1.37,0.852,12.3,0.0414,57.1,10.8,1.99,2.17,7.36
M12X11.8,3.47,12,0.177,3.07,0.225,0.563,0.5625,0.375,10.875,---,11.8,6.81,62.5,72.2,12,4.56,14.3,1.09,0.709,0.559,1.15,0.731,11.8,0.05,37.7,9.04,1.56,1.92,7.02
M12X10.8,3.18,11.97,0.16,3.07,0.21,0.563,0.5625,0.375,10.875,---,10.8,7.3,69.2,66.7,11.1,4.58,13.2,1.01,0.661,0.564,1.07,0.732,11.8,0.0393,35,9.05,1.46,1.8,6.48
M12X10,2.95,11.97,0.149,3.25,0.18,0.5,0.5,0.375,11,---,10,9.03,74.7,61.7,10.3,4.57,12.2,1.03,0.636,0.592,1.02,0.768,11.8,0.0292,35.9,9.6,1.4,1.65,5.98
M10X9,2.65,10,0.157,2.69,0.206,0.563,0.5625,0.375,8.875,---,9,6.53,58.4,39,7.79,3.83,9.22,0.672,0.5,0.503,0.809,0.65,9.79,0.0314,16.1,6.59,0.91,1.28,4.52
M10X8,2.37,9.95,0.141,2.69,0.182,0.563,0.5625,0.375,8.875,---,8,7.39,65,34.6,6.95,3.82,8.2,0.593,0.441,0.5,0.711,0.646,9.77,0.0224,14.2,6.57,0.8,1.13,4.01
M10X7.5,2.22,9.99,0.13,2.69,0.173,0.438,0.4375,0.3125,9.125,---,7.5,7.77,71,33,6.6,3.85,7.77,0.562,0.418,0.503,0.67,0.646,9.82,0.0187,13.5,6.6,0.77,1.09,3.8
M8X6.5,1.92,8,0.135,2.28,0.189,0.563,0.5625,0.375,6.875,---,6.5,6.03,53.8,18.5,4.63,3.11,5.43,0.376,0.329,0.443,0.529,0.563,7.81,0.0184,5.73,4.45,0.48,0.79,2.66
M8X6.2,1.82,8,0.129,2.28,0.177,0.438,0.4375,0.25,7.125,---,6.2,6.44,56.5,17.6,4.39,3.1,5.15,0.352,0.308,0.439,0.495,0.56,7.82,0.0156,5.38,4.46,0.45,0.74,2.52
M6X4.4,1.29,6,0.114,1.84,0.171,0.375,0.375,0.25,5.25,---,4.4,5.39,47,7.23,2.41,2.36,2.8,0.18,0.195,0.372,0.311,0.467,5.83,0.0099,1.53,2.68,0.21,0.43,1.37
M6X3.7,1.09,5.92,0.098,2,0.129,0.313,0.3125,0.25,5.25,---,3.7,7.75,54.7,5.96,2.01,2.34,2.33,0.173,0.173,0.398,0.273,0.499,5.79,0.0053,1.45,2.9,0.19,0.36,1.14
M5X18.9,5.56,5,0.316,5,0.416,0.813,0.8125,0.5,3.375,2.75,18.9,6.01,11.2,24.2,9.67,2.08,11.1,8.7,3.48,1.25,5.33,1.44,4.58,0.313,45.7,5.73,2.98,2.23,5.45
M4X6,1.75,3.8,0.13,3.8,0.16,0.5,0.5,0.375,2.75,---,6,11.9,22,4.72,2.48,1.64,2.74,1.47,0.771,0.915,1.18,1.04,3.64,0.0184,4.87,3.46,0.53,0.53,1.3
M4X4.08,1.27,4,0.115,2.25,0.17,0.563,0.5625,0.375,2.875,---,4.08,6.62,26.4,3.53,1.77,1.67,2,0.325,0.289,0.506,0.453,0.593,3.83,0.0147,1.19,2.15,0.21,0.35,0.93
M4X3.45,1.01,4,0.092,2.25,0.13,0.5,0.5,0.375,3,---,3.45,8.65,33.9,2.86,1.43,1.68,1.6,0.248,0.221,0.496,0.346,0.58,3.87,0.0082,0.93,2.18,0.16,0.27,0.73
M4X3.2,1.01,4,0.092,2.25,0.13,0.5,0.5,0.375,3,---,3.2,8.65,33.9,2.86,1.43,1.68,1.6,0.248,0.221,0.496,0.346,0.58,3.87,0.0082,0.93,2.18,0.16,0.27,0.73
M3X2.9,0.914,3,0.09,2.25,0.13,0.5,0.5,0.375,2,---,2.9,8.65,23.6,1.5,1,1.28,1.12,0.248,0.221,0.521,0.344,0.597,2.87,0.0079,0.511,1.61,0.12,0.2,0.5
S24X121,35.5,24.5,0.8,8.05,1.09,2,2,–,20.5,4,121,3.69,25.9,3160,258,9.43,306,83,20.6,1.53,36.3,1.94,23.4,12.8,11400,47.1,103,46.2,153
S24X106,31.1,24.5,0.62,7.87,1.09,2,2,–,20.5,4,106,3.61,33.4,2940,240,9.71,279,76.8,19.5,1.57,33.4,1.93,23.4,10.1,10500,46.1,98.8,46.2,139
S24X100,29.3,24,0.745,7.25,0.87,1.75,1.75,–,20.5,4,100,4.16,27.8,2380,199,9.01,239,47.4,13.1,1.27,24,1.66,23.1,7.59,6350,41.9,66,32.7,119
S24X90,26.5,24,0.625,7.13,0.87,1.75,1.75,–,20.5,4,90,4.09,33.1,2250,187,9.21,222,44.7,12.5,1.3,22.4,1.66,23.1,6.05,5980,41.2,63.8,32.7,110
S24X80,23.5,24,0.5,7,0.87,1.75,1.75,–,20.5,4,80,4.02,41.4,2100,175,9.47,204,42,12,1.34,20.8,1.67,23.1,4.89,5620,40.5,61.6,32.7,101
S20X96,28.2,20.3,0.8,7.2,0.92,1.75,1.75,–,16.75,4,96,3.91,21.1,1670,165,7.71,198,49.9,13.9,1.33,24.9,1.71,19.4,8.4,4690,34.9,57.8,28.5,98.3
S20X86,25.3,20.3,0.66,7.06,0.92,1.75,1.75,–,16.75,4,86,3.84,25.6,1570,155,7.89,183,46.6,13.2,1.36,23.1,1.71,19.4,6.65,4370,34.2,55.5,28.5,91.1
S20X75,22,20,0.635,6.39,0.795,1.63,1.625,–,16.75,3.5,75,4.02,26.6,1280,128,7.62,152,29.5,9.25,1.16,16.7,1.49,19.2,4.59,2720,30.7,38.9,21.9,75.6
S20X66,19.4,20,0.505,6.26,0.795,1.63,1.625,–,16.75,3.5,66,3.93,33.5,1190,119,7.83,139,27.5,8.78,1.19,15.4,1.49,19.2,3.58,2530,30,37.3,21.9,69.1
S18X70,20.5,18,0.711,6.25,0.691,1.5,1.5,–,15,3.5,70,4.52,21.5,923,103,6.7,124,24,7.69,1.08,14.3,1.42,17.3,4.1,1800,27,29.2,16.6,61.9
S18X54.7,16,18,0.461,6,0.691,1.5,1.5,–,15,3.5,54.7,4.34,33.2,801,89,7.07,104,20.7,6.91,1.14,12.1,1.42,17.3,2.33,1550,26,26.9,16.6,51.8
S15X50,14.7,15,0.55,5.64,0.622,1.38,1.375,–,12.25,3.5,50,4.53,22.7,485,64.7,5.75,77,15.6,5.53,1.03,10,1.32,14.4,2.12,805,20.3,17.8,11.4,38.2
S15X42.9,12.6,15,0.411,5.5,0.622,1.38,1.375,–,12.25,3.5,42.9,4.42,30.4,446,59.4,5.95,69.2,14.3,5.19,1.06,9.08,1.31,14.4,1.54,737,19.8,16.9,11.4,34.3
S12X50,14.7,12,0.687,5.48,0.659,1.44,1.4375,–,9.125,3,50,4.16,13.7,303,50.6,4.55,60.9,15.6,5.69,1.03,10.3,1.32,11.3,2.77,501,15.5,14,8.95,30.3
S12X40.8,11.9,12,0.462,5.25,0.659,1.44,1.4375,–,9.125,3,40.8,3.98,20.6,270,45.1,4.76,52.7,13.5,5.13,1.06,8.86,1.3,11.3,1.69,433,14.9,12.9,8.95,26.2
S12X35,10.2,12,0.428,5.08,0.544,1.19,1.1875,–,9.625,3,35,4.67,23.1,228,38.1,4.72,44.6,9.84,3.88,0.98,6.8,1.22,11.5,1.05,323,14.5,10,7.24,22.2
S12X31.8,9.31,12,0.35,5,0.544,1.19,1.1875,–,9.625,3,31.8,4.6,28.3,217,36.2,4.83,41.8,9.33,3.73,1,6.44,1.21,11.5,0.878,306,14.3,9.74,7.24,20.8
S10X35,10.3,10,0.594,4.94,0.491,1.13,1.125,–,7.75,2.75,35,5.03,13.4,147,29.4,3.78,35.4,8.3,3.36,0.899,6.19,1.16,9.51,1.29,188,11.8,7.13,5.08,17.6
S10X25.4,7.45,10,0.311,4.66,0.491,1.13,1.125,–,7.75,2.75,25.4,4.75,25.6,123,24.6,4.07,28.3,6.73,2.89,0.95,4.99,1.14,9.51,0.603,152,11.1,6.34,5.08,14
S8X23,6.76,8,0.441,4.17,0.425,1,1,–,6,2.25,23,4.91,14.1,64.7,16.2,3.09,19.2,4.27,2.05,0.795,3.67,0.999,7.58,0.55,61.2,7.9,3.5,3,9.53
S8X18.4,5.4,8,0.271,4,0.425,1,1,–,6,2.25,18.4,4.71,22.9,57.5,14.4,3.26,16.5,3.69,1.84,0.827,3.18,0.985,7.58,0.335,52.9,7.58,3.22,3,8.17
S6X17.25,5.05,6,0.465,3.57,0.359,0.813,0.8125,–,4.375,---,17.25,4.97,9.67,26.2,8.74,2.28,10.5,2.29,1.28,0.673,2.35,0.859,5.64,0.371,18.2,5.03,1.61,1.57,5.23
S6X12.5,3.66,6,0.232,3.33,0.359,0.813,0.8125,–,4.375,---,12.5,4.64,19.4,22,7.34,2.45,8.45,1.8,1.08,0.702,1.86,0.831,5.64,0.167,14.3,4.7,1.41,1.57,4.18
S5X10,2.93,5,0.214,3,0.326,0.75,0.75,–,3.5,---,10,4.61,16.8,12.3,4.9,2.05,5.66,1.19,0.795,0.638,1.37,0.754,4.67,0.114,6.52,3.51,0.859,1.06,2.79
S4X9.5,2.79,4,0.326,2.8,0.293,0.75,0.75,–,2.5,---,9.5,4.77,8.33,6.76,3.38,1.56,4.04,0.887,0.635,0.564,1.13,0.698,3.71,0.12,3.05,2.59,0.531,0.671,1.99
S4X7.7,2.26,4,0.193,2.66,0.293,0.75,0.75,–,2.5,---,7.7,4.54,14.1,6.05,3.03,1.64,3.5,0.748,0.562,0.576,0.97,0.676,3.71,0.0732,2.57,2.47,0.481,0.671,1.73
S3X7.5,2.2,3,0.349,2.51,0.26,0.625,0.625,–,1.75,---,7.5,4.83,5.38,2.91,1.94,1.15,2.35,0.578,0.461,0.513,0.821,0.638,2.74,0.0896,1.08,1.72,0.28,0.385,1.16
S3X5.7,1.66,3,0.17,2.33,0.26,0.625,0.625,–,1.75,---,5.7,4.48,11,2.5,1.67,1.23,1.94,0.447,0.383,0.518,0.656,0.605,2.74,0.0433,0.838,1.6,0.242,0.385,0.961
HP18X204,60.2,18.3,1.13,18.1,1.13,2.31,2.3125,1.75,13.5,7.5,204,8.01,12.1,3480,380,7.6,433,1120,124,4.31,191,5.03,17.2,29.5,82500,77.7,397,82.3,212
HP18X181,53.2,18,1,18,1,2.18,2.1875,1.68,13.5,7.5,181,9,13.6,3020,336,7.53,379,974,108,4.28,167,4.96,17,20.7,70400,76.5,344,72.3,185
HP18X157,46.2,17.7,0.87,17.9,0.87,2.05,2.0625,1.62,13.5,7.5,157,10.3,15.6,2570,290,7.46,327,833,93.1,4.25,143,4.92,16.8,13.9,59000,75.3,293,62.3,159
HP18X135,39.9,17.5,0.75,17.8,0.75,1.93,1.9375,1.56,13.5,7.5,135,11.9,18.2,2200,251,7.43,281,706,79.3,4.21,122,4.85,16.8,9.12,49500,74.5,249,53.5,136
HP16X183,54.1,16.5,1.13,16.3,1.13,2.31,2.3125,1.75,11.75,5.5,183,7.21,10.5,2510,304,6.81,349,818,100,3.89,156,4.55,15.4,26.9,48300,62.2,285,65.4,169
HP16X162,47.7,16.3,1,16.1,1,2.18,2.1875,1.68,11.75,5.5,162,8.05,11.9,2190,269,6.78,306,697,86.6,3.82,134,4.45,15.3,18.8,40800,61.6,248,57.8,149
HP16X141,41.7,16,0.875,16,0.875,2.06,2.0625,1.62,11.75,5.5,141,9.14,13.6,1870,234,6.7,264,599,74.9,3.79,116,4.4,15.1,12.9,34300,60.5,212,50,128
HP16X121,35.8,15.8,0.75,15.9,0.75,1.93,1.9375,1.56,11.75,5.5,121,10.6,15.9,1590,201,6.66,226,504,63.4,3.75,97.6,4.34,15.1,8.35,28500,59.8,178,42.8,109
HP16X101,29.9,15.5,0.625,15.8,0.625,1.81,1.8125,1.49,11.75,5.5,101,12.6,19,1300,168,6.59,187,412,52.2,3.71,80.1,4.27,14.9,5.07,22800,58.8,145,35.3,89.3
HP16X88,25.8,15.3,0.54,15.7,0.54,1.72,1.75,1.45,11.75,5.5,88,14.5,22,1110,145,6.56,161,349,44.5,3.68,68.2,4.21,14.8,3.45,19000,57.9,123,30.2,76.2
HP14X117,34.4,14.2,0.805,14.9,0.805,1.5,1.5,1.06,11.25,5.5,117,9.25,14.2,1220,172,5.96,194,443,59.5,3.59,91.4,4.15,13.4,8.02,19900,49.9,149,38,96.3
HP14X102,30.1,14,0.705,14.8,0.705,1.38,1.375,1,11.25,5.5,102,10.5,16.2,1050,150,5.92,169,380,51.4,3.56,78.8,4.1,13.3,5.39,16800,49.2,128,33,83.3
HP14X89,26.1,13.8,0.615,14.7,0.615,1.31,1.3125,0.938,11.25,5.5,89,11.9,18.5,904,131,5.88,146,326,44.3,3.53,67.7,4.05,13.2,3.59,14200,48.5,110,28.6,71.9
HP14X73,21.4,13.6,0.505,14.6,0.505,1.19,1.1875,0.875,11.25,5.5,73,14.4,22.6,729,107,5.84,118,261,35.8,3.49,54.6,4,13.1,2.01,11200,47.8,88,23.3,58.3
HP12X84,24.6,12.3,0.685,12.3,0.685,1.38,1.375,1,9.5,5.5,84,8.97,14.2,650,106,5.14,120,213,34.6,2.94,53.2,3.41,11.6,4.24,7140,35.6,75,23.1,59
HP12X74,21.8,12.1,0.605,12.2,0.61,1.31,1.3125,0.938,9.5,5.5,74,10,16.1,569,93.8,5.11,105,186,30.4,2.92,46.6,3.38,11.5,2.98,6160,35.2,65.5,20.4,51.9
HP12X63,18.4,11.9,0.515,12.1,0.515,1.25,1.25,0.875,9.5,5.5,63,11.8,18.9,472,79.1,5.06,88.3,153,25.3,2.88,38.7,3.33,11.4,1.83,5000,34.6,54.1,17.1,43.3
HP12X53,15.5,11.8,0.435,12,0.435,1.13,1.125,0.875,9.5,5.5,53,13.8,22.3,393,66.7,5.03,74,127,21.1,2.86,32.2,3.29,11.4,1.12,4080,34.2,44.7,14.3,36.2
HP10X57,16.7,9.99,0.565,10.2,0.565,1.25,1.25,0.938,7.5,5.5,57,9.03,13.9,294,58.8,4.18,66.5,101,19.7,2.45,30.3,2.84,9.43,1.97,2240,24.1,34.8,12.9,32.8
HP10X42,12.4,9.7,0.415,10.1,0.42,1.13,1.125,0.812,7.5,5.5,42,12,18.9,210,43.4,4.13,48.3,71.7,14.2,2.41,21.8,2.77,9.28,0.813,1540,23.4,24.7,9.41,23.7
HP8X36,10.6,8.02,0.445,8.16,0.445,1.13,1.125,0.875,5.75,5.5,36,9.16,14.2,119,29.8,3.36,33.6,40.3,9.88,1.95,15.2,2.26,7.58,0.77,578,15.4,14,6.5,16.6