Shape,A,d,tw,bf,tf,k(des),k(det),gage,wt./ft.,bf/(2*tf),d/tw,Ix,Sx,rx,y(bar),Zx,yp,Iy,Sy,ry,Zy,Qs,J,Cw,ro(bar),H
WT22X167.5,49.2,22,1.03,15.9,1.77,2.56,2.625,5.5,167.5,4.5,21.4,2170,131,6.63,5.53,234,1.54,600,75.2,3.49,118,0.824,37.2,438,8.82,0.723
WT22X145,42.6,21.8,0.865,15.8,1.58,2.36,2.4375,5.5,145,5.02,25.2,1830,111,6.54,5.26,196,1.35,521,65.9,3.49,102,0.63,25.4,275,8.66,0.733
WT22X131,38.5,21.7,0.785,15.8,1.42,2.2,2.25,5.5,131,5.57,27.6,1640,99.4,6.53,5.19,176,1.22,462,58.6,3.47,90.9,0.525,18.6,200,8.64,0.731
WT22X115,33.9,21.5,0.71,15.8,1.22,2.01,2.0625,5.5,115,6.45,30.3,1440,88.6,6.53,5.17,157,1.07,398,50.5,3.43,78.3,0.436,12.4,139,8.67,0.723
WT20X296.5,87.2,21.5,1.79,16.7,3.23,4.41,4.5,7.5,296.5,2.58,12,3310,209,6.16,5.66,379,2.61,1260,151,3.8,240,1,221,2340,8.29,0.762
WT20X251.5,74,21,1.54,16.4,2.76,3.94,4,7.5,251.5,2.98,13.6,2730,174,6.07,5.38,314,2.25,1020,124,3.72,197,1,138,1400,8.17,0.76
WT20X215.5,63.3,20.6,1.34,16.2,2.36,3.54,3.625,7.5,215.5,3.44,15.4,2290,148,6.01,5.18,266,1.95,843,104,3.65,164,1,88.2,881,8.09,0.756
WT20X198.5,58.3,20.5,1.22,16.1,2.2,3.38,3.5,7.5,198.5,3.66,16.8,2070,134,5.96,5.03,240,1.81,771,95.7,3.63,150,1,70.6,677,8.01,0.76
WT20X186,54.7,20.3,1.16,16.1,2.05,3.23,3.3125,7.5,186,3.93,17.5,1930,126,5.95,4.98,225,1.7,709,88.3,3.6,138,1,57.7,558,8,0.756
WT20X181,53.2,20.3,1.12,16,2.01,3.19,3.25,7.5,181,3.99,18.1,1870,122,5.92,4.91,217,1.66,691,86.3,3.6,135,0.991,54.2,511,7.96,0.759
WT20X162,47.7,20.1,1,15.9,1.81,2.99,3.0625,7.5,162,4.4,20.1,1650,108,5.88,4.77,192,1.5,609,76.6,3.57,119,0.89,39.6,362,7.89,0.76
WT20X148.5,43.6,19.9,0.93,15.8,1.65,2.83,2.9375,7.5,148.5,4.8,21.4,1500,98.9,5.87,4.71,176,1.38,546,69,3.54,107,0.824,30.5,279,7.88,0.756
WT20X138.5,40.7,19.8,0.83,15.8,1.58,2.76,2.875,7.5,138.5,5.03,23.9,1360,88.6,5.78,4.5,157,1.29,522,65.9,3.58,102,0.697,25.7,218,7.75,0.77
WT20X124.5,36.7,19.7,0.75,15.8,1.42,2.6,2.6875,7.5,124.5,5.55,26.3,1210,79.4,5.75,4.41,140,1.16,463,58.8,3.55,90.8,0.579,19,158,7.7,0.77
WT20X107.5,31.8,19.5,0.65,15.8,1.22,2.4,2.5,7.5,107.5,6.45,30,1030,68,5.71,4.28,120,1.01,398,50.5,3.54,77.8,0.445,12.4,101,7.66,0.771
WT20X99.5,29.2,19.3,0.65,15.8,1.07,2.25,2.3125,7.5,99.5,7.39,29.7,988,66.5,5.81,4.47,117,0.929,347,44.1,3.45,68.2,0.454,9.12,83.5,7.82,0.746
WT20X196,57.8,20.8,1.42,12.4,2.52,3.7,3.8125,7.5,196,2.45,14.6,2270,153,6.27,5.94,275,2.33,401,64.9,2.64,106,1,85.4,796,8.26,0.679
WT20X165.5,48.8,20.4,1.22,12.2,2.13,3.31,3.375,7.5,165.5,2.86,16.7,1880,128,6.21,5.74,231,2,322,52.9,2.57,85.7,1,52.5,484,8.19,0.674
WT20X163.5,47.9,20.4,1.18,12.1,2.13,3.31,3.375,7.5,163.5,2.85,17.3,1840,125,6.19,5.66,224,1.98,320,52.7,2.58,85,1,51.4,449,8.13,0.68
WT20X147,43.1,20.2,1.06,12,1.93,3.11,3.1875,7.5,147,3.11,19.1,1630,111,6.14,5.51,199,1.8,281,46.7,2.55,75,0.94,38.2,322,8.06,0.681
WT20X139,41,20.1,1.03,12,1.81,2.99,3.0625,7.5,139,3.31,19.5,1550,106,6.14,5.51,191,1.71,261,43.5,2.52,69.9,0.92,32.4,282,8.08,0.675
WT20X132,38.7,20,0.96,11.9,1.73,2.91,3,7.5,132,3.45,20.8,1450,99.2,6.11,5.41,178,1.63,246,41.3,2.52,66,0.854,27.9,233,8.02,0.679
WT20X117.5,34.6,19.8,0.83,11.9,1.58,2.76,2.875,7.5,117.5,3.77,23.9,1260,85.7,6.04,5.17,153,1.45,222,37.3,2.54,59,0.697,20.6,156,7.88,0.691
WT20X105.5,31.1,19.7,0.75,11.8,1.42,2.6,2.6875,7.5,105.5,4.17,26.3,1120,76.7,6.01,5.08,137,1.31,195,33,2.51,52.1,0.579,15.2,113,7.84,0.69
WT20X91.5,26.7,19.5,0.65,11.8,1.2,2.38,2.5,7.5,91.5,4.92,30,955,65.7,5.98,4.97,117,1.13,165,28,2.49,44,0.445,9.65,71.2,7.81,0.688
WT20X83.5,24.5,19.3,0.65,11.8,1.03,2.21,2.3125,7.5,83.5,5.76,29.7,899,63.7,6.05,5.19,115,1.1,141,23.9,2.4,37.8,0.454,6.99,62.9,8.01,0.659
WT20X74.5,21.9,19.1,0.63,11.8,0.83,2.01,2.125,7.5,74.5,7.11,30.3,815,59.7,6.1,5.45,108,1.72,114,19.4,2.29,30.9,0.436,4.66,51.9,8.23,0.626
WT18X326,96.2,20.5,1.97,17.6,3.54,4.49,4.8125,7.5,325,2.48,10.4,3160,208,5.74,5.35,383,2.73,1610,184,4.1,290,1,295,3070,7.91,0.795
WT18X264.5,77.8,19.9,1.61,17.2,2.91,3.86,4.1875,7.5,264.5,2.96,12.4,2440,164,5.6,4.96,298,2.26,1240,145,4,227,1,163,1600,7.72,0.794
WT18X243.5,71.7,19.7,1.5,17.1,2.68,3.63,4,7.5,243.5,3.19,13.1,2220,150,5.57,4.84,272,2.1,1120,131,3.96,206,1,128,1250,7.68,0.792
WT18X220.5,64.9,19.4,1.36,17,2.44,3.39,3.75,7.5,220.5,3.48,14.3,1980,134,5.52,4.69,242,1.91,997,117,3.92,184,1,96.6,914,7.6,0.792
WT18X197.5,58.1,19.2,1.22,16.8,2.2,3.15,3.4375,7.5,197.5,3.83,15.7,1740,119,5.47,4.53,213,1.73,877,104,3.88,162,1,70.7,652,7.54,0.792
WT18X180.5,53,19,1.12,16.7,2.01,2.96,3.3125,7.5,180.5,4.16,17,1570,107,5.43,4.42,192,1.59,786,94,3.85,146,1,54.1,491,7.49,0.792
WT18X165,48.4,18.8,1.02,16.6,1.85,2.8,3.125,7.5,165,4.49,18.4,1410,97,5.39,4.3,173,1.46,711,85.5,3.83,132,0.976,42,372,7.43,0.793
WT18X151,44.5,18.7,0.945,16.7,1.68,2.63,3,7.5,151,4.96,19.8,1280,88.8,5.37,4.22,158,1.33,648,77.8,3.82,120,0.905,32.1,285,7.41,0.792
WT18X141,41.5,18.6,0.885,16.6,1.57,2.52,2.875,7.5,141,5.29,21,1190,82.6,5.36,4.16,146,1.25,599,72.2,3.8,112,0.844,26.3,231,7.38,0.791
WT18X131,38.5,18.4,0.84,16.6,1.44,2.39,2.75,7.5,131,5.75,21.9,1110,77.5,5.36,4.14,137,1.16,545,65.8,3.76,102,0.799,20.8,185,7.39,0.785
WT18X123.5,36.3,18.3,0.8,16.5,1.35,2.3,2.625,7.5,123.5,6.11,22.9,1040,73.3,5.36,4.12,129,1.1,507,61.4,3.74,94.8,0.748,17.3,155,7.39,0.783
WT18X115.5,34.1,18.2,0.76,16.5,1.26,2.21,2.5625,5.5,115.5,6.54,23.9,978,69.1,5.36,4.1,122,1.03,470,57,3.71,88,0.697,14.3,129,7.39,0.78
WT18X128,37.6,18.7,0.96,12.2,1.73,2.48,2.625,5.5,128,3.53,19.5,1210,87.4,5.66,4.92,156,1.54,264,43.2,2.65,68.5,0.92,26.4,205,7.45,0.703
WT18X116,34,18.6,0.87,12.1,1.57,2.32,2.4375,7.5,116,3.86,21.4,1080,78.5,5.63,4.82,140,1.4,234,38.6,2.62,60.9,0.824,19.7,151,7.4,0.703
WT18X105,30.9,18.3,0.83,12.2,1.36,2.11,2.3125,5.5,105,4.48,22,985,73.1,5.65,4.87,131,1.27,206,33.8,2.58,53.4,0.794,13.9,119,7.49,0.687
WT18X97,28.5,18.2,0.765,12.1,1.26,2.01,2.1875,5.5,97,4.81,23.8,901,67,5.62,4.8,120,1.18,187,30.9,2.56,48.8,0.702,11.1,92.7,7.45,0.688
WT18X91,26.8,18.2,0.725,12.1,1.18,1.93,2.125,5.5,91,5.12,25.1,845,63.1,5.62,4.77,113,1.11,174,28.8,2.55,45.3,0.635,9.2,77.6,7.45,0.685
WT18X85,25,18.1,0.68,12,1.1,1.85,2,5.5,85,5.47,26.6,786,58.9,5.61,4.73,105,1.04,160,26.6,2.53,41.8,0.566,7.51,63.2,7.44,0.684
WT18X80,23.5,18,0.65,12,1.02,1.77,1.9375,5.5,80,5.88,27.7,740,55.8,5.61,4.74,100,0.98,147,24.6,2.5,38.6,0.522,6.17,53.6,7.46,0.678
WT18X75,22.1,17.9,0.625,12,0.94,1.69,1.875,5.5,75,6.37,28.6,698,53.1,5.62,4.78,95.5,0.923,135,22.5,2.47,35.4,0.489,5.04,46,7.5,0.67
WT18X67.5,19.9,17.8,0.6,12,0.79,1.54,1.6875,5.5,67.5,7.56,29.7,637,49.7,5.66,4.96,90.1,1.23,113,18.9,2.38,29.8,0.454,3.48,37.3,7.65,0.644
WT16.5X193.5,57,18,1.26,16.2,2.28,3.07,3.1875,5.5,193.5,3.55,14.3,1460,107,5.07,4.27,193,1.76,810,100,3.77,156,1,73.9,615,7.05,0.803
WT16.5X177,52.1,17.8,1.16,16.1,2.09,2.88,2.9375,5.5,177,3.85,15.3,1320,96.8,5.03,4.15,174,1.62,729,90.6,3.74,141,1,57.1,468,7,0.803
WT16.5X159,46.8,17.6,1.04,16,1.89,2.68,2.75,5.5,159,4.23,16.9,1160,85.8,4.99,4.02,154,1.46,645,80.7,3.71,125,1,42.1,335,6.93,0.804
WT16.5X145.5,42.8,17.4,0.96,15.9,1.73,2.52,2.625,5.5,145.5,4.6,18.1,1060,78.3,4.96,3.93,140,1.35,581,73.1,3.68,113,0.991,32.5,256,6.9,0.802
WT16.5X131.5,38.7,17.3,0.87,15.8,1.57,2.36,2.4375,5.5,131.5,5.03,19.9,943,70.2,4.93,3.83,125,1.23,517,65.5,3.65,101,0.9,24.3,188,6.86,0.802
WT16.5X120.5,35.6,17.1,0.83,15.9,1.4,2.19,2.25,5.5,120.5,5.66,20.6,872,65.8,4.96,3.84,116,1.12,466,58.8,3.62,90.8,0.864,18,146,6.9,0.792
WT16.5X110.5,32.6,17,0.775,15.8,1.28,2.06,2.125,5.5,110.5,6.2,21.9,799,60.8,4.95,3.81,107,1.03,420,53.2,3.59,82.1,0.799,13.9,113,6.89,0.788
WT16.5X100.5,29.7,16.8,0.715,15.7,1.15,1.94,2,5.5,100.5,6.85,23.5,725,55.5,4.95,3.77,97.8,0.94,375,47.6,3.56,73.3,0.718,10.4,84.9,6.88,0.784
WT16.5X84.5,24.7,16.9,0.67,11.5,1.22,1.92,2.125,5.5,84.5,4.71,25.2,649,51.1,5.12,4.21,90.8,1.08,155,27,2.5,42.1,0.63,8.81,55.4,6.74,0.715
WT16.5X76,22.5,16.7,0.635,11.6,1.06,1.76,1.9375,5.5,76,5.48,26.3,592,47.4,5.14,4.26,84.5,0.967,136,23.6,2.47,36.9,0.579,6.16,43,6.82,0.7
WT16.5X70.5,20.7,16.7,0.605,11.5,0.96,1.66,1.8125,5.5,70.5,6.01,27.6,552,44.7,5.15,4.29,79.8,0.901,123,21.3,2.43,33.4,0.525,4.84,35.4,6.86,0.691
WT16.5X65,19.1,16.5,0.58,11.5,0.855,1.56,1.75,5.5,65,6.73,28.4,513,42.1,5.18,4.36,75.6,0.832,109,18.9,2.38,29.7,0.496,3.67,29.3,6.93,0.677
WT16.5X59,17.4,16.4,0.55,11.5,0.74,1.44,1.625,5.5,59,7.76,29.8,469,39.2,5.2,4.47,70.8,0.862,93.5,16.3,2.32,25.6,0.451,2.64,23.4,7.02,0.659
WT15X195.5,57.6,16.6,1.36,15.6,2.44,3.23,3.375,5.5,195.5,3.19,12.2,1220,96.9,4.61,4,177,1.85,774,99.2,3.67,155,1,86.3,636,6.51,0.817
WT15X178.5,52.5,16.4,1.24,15.5,2.24,3.03,3.125,5.5,178.5,3.45,13.2,1090,87.2,4.56,3.87,159,1.7,693,89.6,3.64,140,1,66.6,478,6.45,0.818
WT15X163,48,16.2,1.14,15.4,2.05,2.84,2.9375,5.5,163,3.75,14.2,981,78.8,4.52,3.76,143,1.56,622,81,3.6,126,1,51.2,361,6.4,0.817
WT15X146,43,16,1.02,15.3,1.85,2.64,2.75,5.5,146,4.12,15.7,861,69.6,4.48,3.62,125,1.41,549,71.9,3.58,111,1,37.5,257,6.33,0.819
WT15X130.5,38.5,15.8,0.93,15.2,1.65,2.44,2.5625,5.5,130.5,4.59,17,765,62.4,4.46,3.54,112,1.27,480,63.3,3.53,97.9,1,26.9,184,6.3,0.815
WT15X117.5,34.7,15.7,0.83,15.1,1.5,2.29,2.375,5.5,117.5,5.02,18.9,674,55.1,4.41,3.41,98.2,1.15,427,56.8,3.51,87.5,0.951,20.1,133,6.24,0.818
WT15X105.5,31.1,15.5,0.775,15.1,1.32,2.1,2.25,5.5,105.5,5.74,20,610,50.5,4.43,3.39,89.5,1.03,378,50.1,3.49,77.2,0.895,14.1,96.4,6.27,0.809
WT15X95.5,28,15.3,0.71,15,1.19,1.97,2.0625,5.5,95.5,6.35,21.5,549,45.7,4.42,3.34,80.8,0.935,336,44.7,3.46,68.9,0.819,10.5,71.2,6.25,0.807
WT15X86.5,25.4,15.2,0.655,15,1.07,1.85,2,5.5,86.5,7.04,23.2,497,41.7,4.42,3.31,73.5,0.851,299,39.9,3.42,61.4,0.733,7.78,53,6.24,0.802
WT15X74,21.8,15.3,0.65,10.5,1.18,1.83,2.0625,5.5,74,4.44,23.5,466,40.6,4.63,3.84,72.2,1.04,114,21.7,2.28,33.9,0.718,7.24,37.6,6.1,0.716
WT15X66,19.5,15.2,0.615,10.5,1,1.65,1.875,5.5,66,5.27,24.7,421,37.4,4.66,3.9,66.8,0.921,98,18.6,2.25,29.2,0.657,4.85,28.5,6.19,0.698
WT15X62,18.2,15.1,0.585,10.5,0.93,1.58,1.8125,5.5,62,5.65,25.8,396,35.3,4.66,3.9,63.1,0.867,90.4,17.2,2.23,27,0.601,3.98,23.9,6.2,0.694
WT15X58,17.1,15,0.565,10.5,0.85,1.5,1.75,5.5,58,6.17,26.5,373,33.7,4.67,3.94,60.4,0.815,82.1,15.6,2.19,24.6,0.57,3.21,20.5,6.24,0.683
WT15X54,15.9,14.9,0.545,10.5,0.76,1.41,1.6875,5.5,54,6.89,27.3,349,32,4.69,4.01,57.7,0.757,73,13.9,2.15,21.9,0.537,2.49,17.3,6.31,0.668
WT15X49.5,14.5,14.8,0.52,10.5,0.67,1.32,1.5625,5.5,49.5,7.8,28.5,322,30,4.71,4.09,54.4,0.912,63.9,12.2,2.1,19.3,0.493,1.88,14.3,6.38,0.653
WT15X45,13.2,14.8,0.47,10.4,0.61,1.26,1.5,5.5,45,8.52,31.5,290,27.1,4.69,4.04,49,0.835,57.3,11,2.09,17.3,0.403,1.41,10.5,6.35,0.654
WT13.5X269.5,79.3,16.3,1.97,15.3,3.54,4.33,4.4375,5.5,269.5,2.15,8.3,1530,128,4.39,4.34,242,2.6,1060,138,3.65,218,1,247,1740,6.26,0.831
WT13.5X184,54.2,15.2,1.38,14.7,2.48,3.27,3.375,5.5,184,2.96,11,939,81.7,4.16,3.71,151,1.85,655,89.3,3.48,140,1,84.5,532,5.96,0.828
WT13.5X168,49.5,15,1.26,14.6,2.28,3.07,3.1875,5.5,168,3.19,11.9,839,73.4,4.12,3.58,135,1.7,587,80.8,3.45,126,1,65.4,401,5.9,0.829
WT13.5X153.5,45.2,14.8,1.16,14.4,2.09,2.88,3,5.5,153.5,3.46,12.8,753,66.4,4.08,3.47,121,1.56,527,72.9,3.41,113,1,50.5,304,5.85,0.828
WT13.5X140.5,41.5,14.6,1.06,14.4,1.93,2.72,2.8125,5.5,140.5,3.72,13.8,677,59.9,4.04,3.35,109,1.44,477,66.4,3.39,103,1,39.6,232,5.79,0.83
WT13.5X129,38.1,14.5,0.98,14.3,1.77,2.56,2.6875,5.5,129,4.03,14.8,613,54.7,4.02,3.27,98.9,1.33,430,60.2,3.36,93.3,1,30.7,178,5.76,0.828
WT13.5X117.5,34.7,14.3,0.91,14.2,1.61,2.4,2.5,5.5,117.5,4.41,15.7,556,50,4,3.2,89.9,1.22,384,54.2,3.33,83.8,1,23.4,135,5.73,0.825
WT13.5X108.5,32,14.2,0.83,14.1,1.5,2.29,2.375,5.5,108.5,4.71,17.1,502,45.2,3.96,3.1,81.1,1.13,352,49.9,3.32,77,1,18.8,105,5.68,0.828
WT13.5X97,28.6,14.1,0.75,14,1.34,2.13,2.25,5.5,97,5.24,18.8,444,40.3,3.94,3.02,71.8,1.02,309,44.1,3.29,67.8,0.956,13.5,74.3,5.64,0.827
WT13.5X89,26.3,13.9,0.725,14.1,1.19,1.98,2.0625,5.5,89,5.92,19.2,414,38.2,3.97,3.04,67.7,0.932,278,39.4,3.25,60.8,0.935,10,57.7,5.69,0.815
WT13.5X80.5,23.8,13.8,0.66,14,1.08,1.87,2,5.5,80.5,6.49,20.9,372,34.4,3.95,2.98,60.8,0.849,248,35.4,3.23,54.5,0.849,7.53,42.7,5.66,0.814
WT13.5X73,21.6,13.7,0.605,14,0.975,1.76,1.875,5.5,73,7.16,22.6,336,31.2,3.95,2.94,55,0.772,222,31.7,3.2,48.8,0.763,5.62,31.7,5.64,0.812
WT13.5X64.5,18.9,13.8,0.61,10,1.1,1.7,2,5.5,64.5,4.55,22.6,323,31,4.13,3.39,55.1,0.945,92.2,18.4,2.21,28.8,0.763,5.55,24,5.48,0.732
WT13.5X57,16.8,13.6,0.57,10.1,0.93,1.53,1.8125,5.5,57,5.41,23.9,289,28.3,4.15,3.42,50.4,0.832,79.3,15.8,2.18,24.6,0.697,3.65,17.5,5.54,0.716
WT13.5X51,15,13.5,0.515,10,0.83,1.43,1.75,5.5,51,6.03,26.2,258,25.3,4.14,3.37,45,0.75,69.6,13.9,2.15,21.7,0.583,2.63,12.6,5.53,0.713
WT13.5X47,13.8,13.5,0.49,10,0.745,1.34,1.625,5.5,47,6.7,27.6,239,23.8,4.16,3.41,42.4,0.692,62,12.4,2.12,19.4,0.525,2.01,10.2,5.57,0.702
WT13.5X42,12.4,13.4,0.46,10,0.64,1.24,1.5625,5.5,42,7.78,29.1,216,21.9,4.18,3.48,39.2,0.621,52.8,10.6,2.07,16.6,0.473,1.4,7.79,5.63,0.685
WT12X185,54.5,14,1.52,13.7,2.72,3.22,3.625,5.5,185,2.51,9.2,779,74.7,3.78,3.57,140,1.99,581,85.1,3.27,133,1,100,553,5.47,0.837
WT12X167.5,49.1,13.8,1.38,13.5,2.48,2.98,3.375,5.5,167.5,2.73,10,686,66.3,3.73,3.42,123,1.82,513,75.9,3.23,119,1,75.6,405,5.4,0.837
WT12X153,44.9,13.6,1.26,13.4,2.28,2.78,3.1875,5.5,153,2.94,10.8,611,59.4,3.69,3.29,110,1.67,460,68.6,3.2,107,1,58.4,305,5.34,0.837
WT12X139.5,41,13.4,1.16,13.3,2.09,2.59,3,5.5,139.5,3.18,11.6,546,53.6,3.65,3.18,98.8,1.54,412,61.9,3.17,96.3,1,45.1,230,5.28,0.837
WT12X125,36.8,13.2,1.04,13.2,1.89,2.39,2.8125,5.5,125,3.49,12.7,478,47.2,3.61,3.05,86.5,1.39,362,54.9,3.14,85.2,1,33.2,165,5.22,0.838
WT12X114.5,33.6,13,0.96,13.1,1.73,2.23,2.625,5.5,114.5,3.79,13.5,431,42.9,3.58,2.96,78.1,1.28,326,49.7,3.11,77,1,25.5,125,5.19,0.836
WT12X103.5,30.3,12.9,0.87,13,1.57,2.07,2.5,5.5,103.5,4.14,14.8,382,38.3,3.55,2.87,69.3,1.17,289,44.4,3.08,68.6,1,19.1,91.3,5.14,0.836
WT12X96,28.2,12.7,0.81,13,1.46,1.96,2.375,5.5,96,4.43,15.7,350,35.2,3.53,2.8,63.5,1.09,265,40.9,3.07,63.1,1,15.3,72.5,5.11,0.836
WT12X88,25.8,12.6,0.75,12.9,1.34,1.84,2.25,5.5,88,4.81,16.8,319,32.2,3.51,2.74,57.8,1,240,37.2,3.04,57.3,1,11.9,55.8,5.09,0.835
WT12X81,23.9,12.5,0.705,13,1.22,1.72,2.125,5.5,81,5.31,17.7,293,29.9,3.5,2.7,53.3,0.921,221,34.2,3.05,52.6,1,9.22,43.8,5.09,0.832
WT12X73,21.5,12.4,0.65,12.9,1.09,1.59,2,5.5,73,5.92,19.1,264,27.2,3.5,2.66,48.2,0.833,195,30.3,3.01,46.6,0.94,6.7,31.9,5.08,0.827
WT12X65.5,19.3,12.2,0.605,12.9,0.96,1.46,1.875,5.5,65.5,6.7,20.2,238,24.8,3.52,2.65,43.9,0.75,170,26.5,2.97,40.7,0.885,4.74,23.1,5.09,0.818
WT12X58.5,17.2,12.1,0.55,12.8,0.85,1.35,1.75,5.5,58.5,7.53,22,212,22.3,3.51,2.62,39.2,0.672,149,23.2,2.94,35.7,0.794,3.35,16.4,5.08,0.814
WT12X52,15.3,12,0.5,12.8,0.75,1.25,1.625,5.5,52,8.5,24,189,20,3.51,2.59,35.1,0.6,130,20.3,2.91,31.2,0.692,2.35,11.6,5.07,0.809
WT12X51.5,15.1,12.3,0.55,9,0.98,1.48,1.875,5.5,51.5,4.59,22.4,204,22,3.67,3.01,39.2,0.841,59.7,13.3,1.99,20.7,0.773,3.53,12.3,4.88,0.733
WT12X47,13.8,12.2,0.515,9.07,0.875,1.38,1.75,5.5,47,5.18,23.7,186,20.3,3.67,2.99,36.1,0.764,54.5,12,1.98,18.7,0.707,2.62,9.57,4.89,0.727
WT12X42,12.4,12.1,0.47,9.02,0.77,1.27,1.6875,5.5,42,5.86,25.7,166,18.3,3.67,2.97,32.5,0.685,47.2,10.5,1.95,16.3,0.606,1.84,6.9,4.9,0.72
WT12X38,11.2,12,0.44,8.99,0.68,1.18,1.5625,5.5,38,6.61,27.3,151,16.9,3.68,3,30.1,0.622,41.3,9.18,1.92,14.3,0.537,1.34,5.3,4.93,0.709
WT12X34,10,11.9,0.415,8.97,0.585,1.09,1.5,5.5,34,7.66,28.7,137,15.6,3.7,3.06,27.9,0.56,35.2,7.85,1.87,12.3,0.486,0.932,4.08,4.99,0.691
WT12X31,9.11,11.9,0.43,7.04,0.59,1.09,1.5,3.5,31,5.97,27.7,131,15.6,3.79,3.46,28.4,1.28,17.2,4.9,1.38,7.85,0.522,0.85,3.92,5.13,0.619
WT12X27.5,8.1,11.8,0.395,7.01,0.505,1.01,1.4375,3.5,27.5,6.94,29.9,117,14.1,3.8,3.5,25.6,1.53,14.5,4.15,1.34,6.65,0.448,0.588,2.93,5.17,0.606
WT10.5X100.5,29.6,11.5,0.91,12.6,1.63,2.13,2.5,5.5,100.5,3.86,12.6,285,31.9,3.1,2.57,58.6,1.18,271,43.1,3.02,66.5,1,20.4,85.4,4.67,0.859
WT10.5X91,26.8,11.4,0.83,12.5,1.48,1.98,2.375,5.5,91,4.22,13.7,253,28.5,3.07,2.48,52.1,1.07,241,38.6,3,59.5,1,15.3,63,4.64,0.859
WT10.5X83,24.4,11.2,0.75,12.4,1.36,1.86,2.25,5.5,83,4.57,14.9,226,25.5,3.04,2.39,46.3,0.983,217,35,2.99,53.9,1,11.8,47.3,4.59,0.861
WT10.5X73.5,21.6,11,0.72,12.5,1.15,1.65,2,5.5,73.5,5.44,15.3,204,23.7,3.08,2.39,42.4,0.864,188,30,2.95,46.3,1,7.69,32.5,4.63,0.846
WT10.5X66,19.4,10.9,0.65,12.4,1.04,1.54,1.9375,5.5,66,6.01,16.8,181,21.1,3.06,2.33,37.6,0.78,166,26.7,2.93,41.1,1,5.62,23.4,4.6,0.845
WT10.5X61,17.9,10.8,0.6,12.4,0.96,1.46,1.8125,5.5,61,6.45,18,166,19.3,3.04,2.28,34.3,0.724,152,24.6,2.91,37.8,0.998,4.47,18.4,4.58,0.846
WT10.5X55.5,16.3,10.8,0.55,12.3,0.875,1.38,1.75,5.5,55.5,7.05,19.6,150,17.5,3.03,2.23,31,0.662,137,22.2,2.9,34.1,0.915,3.4,13.8,4.56,0.845
WT10.5X50.5,14.9,10.7,0.5,12.3,0.8,1.3,1.6875,5.5,50.5,7.68,21.4,135,15.8,3.01,2.18,27.9,0.605,124,20.2,2.89,30.8,0.824,2.6,10.4,4.53,0.846
WT10.5X46.5,13.7,10.8,0.58,8.42,0.93,1.43,1.625,5.5,46.5,4.53,18.6,144,17.9,3.25,2.74,31.8,0.812,46.4,11,1.84,17.3,0.966,3.01,9.33,4.37,0.73
WT10.5X41.5,12.2,10.7,0.515,8.36,0.835,1.34,1.5,5.5,41.5,5,20.8,127,15.7,3.22,2.66,28,0.728,40.7,9.74,1.83,15.2,0.854,2.16,6.5,4.33,0.732
WT10.5X36.5,10.7,10.6,0.455,8.3,0.74,1.24,1.4375,5.5,36.5,5.6,23.3,110,13.8,3.21,2.6,24.4,0.647,35.3,8.51,1.81,13.3,0.728,1.51,4.42,4.3,0.732
WT10.5X34,10,10.6,0.43,8.27,0.685,1.19,1.375,5.5,34,6.04,24.7,103,12.9,3.2,2.59,22.9,0.606,32.4,7.83,1.8,12.2,0.657,1.22,3.62,4.3,0.728
WT10.5X31,9.13,10.5,0.4,8.24,0.615,1.12,1.3125,5.5,31,6.7,26.3,93.8,11.9,3.21,2.58,21.1,0.554,28.7,6.97,1.77,10.9,0.579,0.913,2.78,4.31,0.721
WT10.5X27.5,8.1,10.4,0.375,8.22,0.522,1.02,1.1875,5.5,27.5,7.87,27.7,84.4,10.9,3.23,2.64,19.4,0.493,24.2,5.89,1.73,9.18,0.522,0.617,2.08,4.37,0.703
WT10.5X24,7.07,10.3,0.35,8.14,0.43,0.93,1.125,5.5,24,9.47,29.4,74.9,9.9,3.26,2.74,17.8,0.459,19.4,4.76,1.66,7.44,0.463,0.4,1.52,4.44,0.676
WT10.5X28.5,8.37,10.5,0.405,6.56,0.65,1.15,1.3125,3.5,28.5,5.04,25.9,90.4,11.8,3.29,2.85,21.2,0.638,15.3,4.67,1.35,7.4,0.597,0.884,2.5,4.36,0.665
WT10.5X25,7.36,10.4,0.38,6.53,0.535,1.04,1.25,3.5,25,6.1,27.4,80.3,10.7,3.3,2.93,19.4,0.771,12.5,3.82,1.3,6.08,0.533,0.57,1.89,4.44,0.64
WT10.5X22,6.49,10.3,0.35,6.5,0.45,0.95,1.125,3.5,22,7.22,29.4,71.1,9.68,3.31,2.98,17.6,1.06,10.3,3.18,1.26,5.07,0.463,0.383,1.4,4.49,0.623
WT9X155.5,45.8,11.2,1.52,12,2.74,3.24,3.4375,5.5,155.5,2.19,7.37,383,46.6,2.89,2.93,90.6,1.91,398,66.2,2.95,104,1,87.2,339,4.41,0.875
WT9X141.5,41.7,10.9,1.4,11.9,2.5,3,3.1875,5.5,141.5,2.38,7.79,337,41.5,2.85,2.8,80.2,1.75,352,59.2,2.91,92.5,1,66.5,251,4.36,0.873
WT9X129,38,10.7,1.28,11.8,2.3,2.7,3,5.5,129,2.56,8.36,298,37,2.8,2.68,71,1.61,314,53.4,2.88,83.1,1,51.1,189,4.3,0.874
WT9X117,34.3,10.5,1.16,11.7,2.11,2.51,2.75,5.5,117,2.76,9.05,261,32.7,2.75,2.55,62.4,1.48,279,47.9,2.85,74.4,1,39.1,140,4.23,0.875
WT9X105.5,31.2,10.3,1.06,11.6,1.91,2.31,2.5625,5.5,105.5,3.02,9.72,229,29.1,2.72,2.44,55,1.34,246,42.7,2.82,66.1,1,29.1,102,4.19,0.874
WT9X96,28.1,10.2,0.96,11.5,1.75,2.15,2.4375,5.5,96,3.27,10.6,202,25.8,2.68,2.34,48.5,1.23,220,38.4,2.79,59.4,1,22.3,75.7,4.13,0.875
WT9X87.5,25.7,10,0.89,11.4,1.59,1.99,2.4375,5.5,87.5,3.58,11.2,181,23.4,2.66,2.26,43.6,1.13,196,34.4,2.76,53.1,1,16.8,56.5,4.1,0.872
WT9X79,23.2,9.86,0.81,11.3,1.44,1.84,2.375,5.5,79,3.92,12.2,160,20.8,2.63,2.17,38.5,1.02,174,30.7,2.74,47.4,1,12.5,41.2,4.06,0.872
WT9X71.5,21,9.75,0.73,11.2,1.32,1.72,2.1875,5.5,71.5,4.25,13.4,142,18.5,2.6,2.09,34,0.937,156,27.7,2.72,42.7,1,9.58,30.7,4.02,0.874
WT9X65,19.2,9.63,0.67,11.2,1.2,1.6,2.0625,5.5,65,4.65,14.4,127,16.7,2.58,2.02,30.5,0.856,139,24.9,2.7,38.3,1,7.23,22.8,4,0.873
WT9X59.5,17.6,9.49,0.655,11.3,1.06,1.46,1.9375,5.5,59.5,5.31,14.5,119,15.9,2.6,2.03,28.7,0.778,126,22.5,2.69,34.5,1,5.3,17.4,4.03,0.862
WT9X53,15.6,9.37,0.59,11.2,0.94,1.34,1.8125,5.5,53,5.96,15.9,104,14.1,2.59,1.97,25.2,0.695,110,19.7,2.66,30.2,1,3.73,12.1,4,0.86
WT9X48.5,14.2,9.3,0.535,11.1,0.87,1.27,1.75,5.5,48.5,6.41,17.4,93.8,12.7,2.56,1.91,22.6,0.64,100,18,2.65,27.6,1,2.92,9.29,3.97,0.863
WT9X43,12.7,9.2,0.48,11.1,0.77,1.17,1.625,5.5,43,7.2,19.2,82.4,11.2,2.55,1.86,19.9,0.57,87.6,15.8,2.63,24.2,0.935,2.04,6.42,3.95,0.861
WT9X38,11.1,9.11,0.425,11,0.68,1.08,1.5625,5.5,38,8.11,21.4,71.8,9.83,2.54,1.8,17.3,0.505,76.2,13.8,2.61,21.1,0.824,1.41,4.37,3.93,0.861
WT9X35.5,10.4,9.24,0.495,7.64,0.81,1.21,1.5,3.5,35.5,4.71,18.7,78.2,11.2,2.74,2.26,20,0.683,30.1,7.89,1.7,12.3,0.961,1.74,3.96,3.72,0.752
WT9X32.5,9.55,9.18,0.45,7.59,0.75,1.15,1.4375,3.5,32.5,5.06,20.4,70.7,10.1,2.72,2.2,18,0.629,27.4,7.22,1.69,11.2,0.875,1.36,3.01,3.69,0.755
WT9X30,8.82,9.12,0.415,7.56,0.695,1.1,1.375,3.5,30,5.44,22,64.7,9.29,2.71,2.16,16.5,0.583,25,6.63,1.68,10.3,0.794,1.08,2.35,3.67,0.756
WT9X27.5,8.1,9.06,0.39,7.53,0.63,1.03,1.3125,3.5,27.5,5.98,23.2,59.5,8.63,2.71,2.16,15.3,0.538,22.5,5.97,1.67,9.26,0.733,0.83,1.84,3.68,0.749
WT9X25,7.34,9,0.355,7.5,0.57,0.972,1.25,3.5,25,6.57,25.4,53.5,7.79,2.7,2.12,13.8,0.489,20,5.35,1.65,8.28,0.62,0.619,1.36,3.66,0.748
WT9X23,6.77,9.03,0.36,6.06,0.605,1.01,1.25,3.5,23,5.01,25.1,52.1,7.77,2.77,2.33,13.9,0.558,11.3,3.71,1.29,5.84,0.635,0.609,1.2,3.67,0.695
WT9X20,5.88,8.95,0.315,6.02,0.525,0.927,1.1875,3.5,20,5.73,28.4,44.8,6.73,2.76,2.29,12,0.489,9.55,3.17,1.27,4.97,0.496,0.404,0.788,3.65,0.693
WT9X17.5,5.15,8.85,0.3,6,0.425,0.827,1.125,3.5,17.5,7.06,29.5,40.1,6.21,2.79,2.39,11.2,0.45,7.67,2.56,1.22,4.02,0.46,0.252,0.598,3.74,0.662
WT8X50,14.7,8.49,0.585,10.4,0.985,1.39,1.875,5.5,50,5.29,14.5,76.8,11.4,2.28,1.76,20.7,0.706,93.1,17.9,2.51,27.4,1,3.85,10.4,3.63,0.878
WT8X44.5,13.1,8.38,0.525,10.4,0.875,1.28,1.75,5.5,44.5,5.92,16,67.2,10.1,2.27,1.7,18.1,0.631,81.3,15.7,2.49,24,1,2.72,7.19,3.6,0.877
WT8X38.5,11.3,8.26,0.455,10.3,0.76,1.16,1.625,5.5,38.5,6.77,18.2,56.9,8.59,2.24,1.63,15.3,0.549,69.2,13.4,2.47,20.5,0.986,1.78,4.61,3.57,0.877
WT8X33.5,9.81,8.17,0.395,10.2,0.665,1.07,1.5625,5.5,33.5,7.7,20.7,48.6,7.36,2.22,1.56,13,0.481,59.5,11.6,2.46,17.7,0.859,1.19,3.01,3.54,0.879
WT8X28.5,8.39,8.22,0.43,7.12,0.715,1.12,1.375,3.5,28.5,4.98,19.1,48.7,7.77,2.41,1.94,13.8,0.589,21.6,6.06,1.6,9.42,0.94,1.1,1.99,3.3,0.77
WT8X25,7.37,8.13,0.38,7.07,0.63,1.03,1.3125,3.5,25,5.61,21.4,42.3,6.78,2.4,1.89,12,0.521,18.6,5.26,1.59,8.15,0.824,0.76,1.34,3.28,0.769
WT8X22.5,6.63,8.07,0.345,7.04,0.565,0.967,1.25,3.5,22.5,6.23,23.4,37.8,6.1,2.39,1.86,10.8,0.471,16.4,4.67,1.57,7.22,0.723,0.555,0.974,3.27,0.767
WT8X20,5.89,8.01,0.305,7,0.505,0.907,1.1875,3.5,20,6.93,26.3,33.1,5.35,2.37,1.81,9.43,0.421,14.4,4.12,1.56,6.36,0.579,0.396,0.673,3.24,0.769
WT8X18,5.29,7.93,0.295,6.99,0.43,0.832,1.125,3.5,18,8.12,26.9,30.6,5.05,2.41,1.88,8.93,0.378,12.2,3.5,1.52,5.42,0.553,0.272,0.516,3.3,0.745
WT8X15.5,4.56,7.94,0.275,5.53,0.44,0.842,1.125,3.5,15.5,6.28,28.9,27.5,4.64,2.45,2.02,8.27,0.413,6.2,2.24,1.17,3.51,0.479,0.23,0.366,3.26,0.695
WT8X13,3.84,7.85,0.25,5.5,0.345,0.747,1.0625,3.5,13,7.97,31.4,23.5,4.09,2.47,2.09,7.36,0.372,4.79,1.74,1.12,2.73,0.406,0.13,0.243,3.32,0.667
WT7X365,107,11.2,3.07,17.9,4.91,5.51,6.1875,7.5,365,1.82,3.65,739,95.4,2.62,3.47,211,3,2360,264,4.69,408,1,714,5250,5.47,0.966
WT7X332.5,97.8,10.8,2.83,17.7,4.52,5.12,5.8125,7.5,332.5,1.95,3.82,622,82.1,2.52,3.25,182,2.77,2080,236,4.62,365,1,555,3920,5.35,0.966
WT7X302.5,89,10.5,2.6,17.4,4.16,4.76,5.4375,7.5,302.5,2.09,4.04,524,70.6,2.43,3.05,157,2.55,1840,211,4.55,326,1,430,2930,5.24,0.966
WT7X275,80.9,10.1,2.38,17.2,3.82,4.42,5.125,7.5,275,2.25,4.24,442,60.9,2.34,2.85,136,2.35,1630,189,4.49,292,1,331,2180,5.15,0.966
WT7X250,73.5,9.8,2.19,17,3.5,4.1,4.8125,7.5,250,2.43,4.47,375,52.7,2.26,2.67,117,2.16,1440,169,4.43,261,1,254,1620,5.06,0.967
WT7X227.5,66.9,9.51,2.02,16.8,3.21,3.81,4.5,7.5,227.5,2.62,4.71,321,45.9,2.19,2.51,102,1.99,1280,152,4.38,234,1,196,1210,4.98,0.967
WT7X213,62.7,9.34,1.88,16.7,3.04,3.63,4.3125,7.5,213,2.75,4.97,287,41.4,2.14,2.4,91.7,1.88,1180,141,4.34,217,1,164,991,4.92,0.968
WT7X199,58.4,9.15,1.77,16.6,2.85,3.44,4.125,7.5,199,2.92,5.17,257,37.6,2.1,2.3,82.9,1.76,1090,131,4.31,201,1,135,801,4.87,0.968
WT7X185,54.4,8.96,1.66,16.5,2.66,3.26,3.9375,7.5,185,3.1,5.4,229,33.9,2.05,2.19,74.4,1.65,994,121,4.27,185,1,110,640,4.82,0.968
WT7X171,50.3,8.77,1.54,16.4,2.47,3.07,3.75,7.5,171,3.31,5.69,203,30.4,2.01,2.09,66.2,1.54,903,110,4.24,169,1,88.3,502,4.77,0.968
WT7X155.5,45.7,8.56,1.41,16.2,2.26,2.86,3.5625,7.5,155.5,3.59,6.07,176,26.7,1.96,1.97,57.7,1.41,807,99.4,4.2,152,1,67.5,375,4.71,0.969
WT7X141.5,41.6,8.37,1.29,16.1,2.07,2.67,3.375,7.5,141.5,3.89,6.49,153,23.5,1.92,1.86,50.4,1.29,722,89.7,4.17,137,1,51.8,281,4.66,0.969
WT7X128.5,37.8,8.19,1.18,16,1.89,2.49,3.1875,7.5,128.5,4.23,6.94,133,20.7,1.88,1.75,43.9,1.18,645,80.7,4.13,123,1,39.3,209,4.61,0.969
WT7X116.5,34.2,8.02,1.07,15.9,1.72,2.32,3,7.5,116.5,4.62,7.5,116,18.2,1.84,1.65,38.2,1.08,576,72.5,4.1,110,1,29.6,154,4.57,0.97
WT7X105.5,31,7.86,0.98,15.8,1.56,2.16,2.875,7.5,105.5,5.06,8.02,102,16.2,1.81,1.57,33.4,0.98,513,65,4.07,98.9,1,22.2,113,4.52,0.97
WT7X96.5,28.4,7.74,0.89,15.7,1.44,2.04,2.75,7.5,96.5,5.45,8.7,89.8,14.4,1.78,1.49,29.4,0.903,466,59.3,4.05,90.1,1,17.3,87.2,4.49,0.971
WT7X88,25.9,7.61,0.83,15.7,1.31,1.91,2.625,7.5,88,5.97,9.17,80.5,13,1.76,1.43,26.3,0.827,419,53.5,4.02,81.3,1,13.2,65.2,4.46,0.97
WT7X79.5,23.4,7.49,0.745,15.6,1.19,1.79,2.5,7.5,79.5,6.54,10.1,70.2,11.4,1.73,1.35,22.8,0.751,374,48.1,4,73,1,9.84,47.9,4.43,0.971
WT7X72.5,21.3,7.39,0.68,15.5,1.09,1.69,2.375,7.5,72.5,7.11,10.9,62.5,10.2,1.71,1.29,20.2,0.688,338,43.7,3.98,66.2,1,7.56,36.3,4.4,0.971
WT7X66,19.4,7.33,0.645,14.7,1.03,1.63,2.3125,5.5,66,7.15,11.4,57.8,9.57,1.73,1.29,18.6,0.658,274,37.2,3.76,56.5,1,6.13,26.6,4.21,0.966
WT7X60,17.7,7.24,0.59,14.7,0.94,1.54,2.25,5.5,60,7.8,12.3,51.7,8.61,1.71,1.24,16.5,0.602,247,33.7,3.74,51.2,1,4.67,20,4.19,0.966
WT7X54.5,16,7.16,0.525,14.6,0.86,1.46,2.1875,5.5,54.5,8.49,13.6,45.3,7.56,1.68,1.17,14.4,0.548,223,30.6,3.73,46.3,1,3.55,15,4.16,0.968
WT7X49.5,14.6,7.08,0.485,14.6,0.78,1.38,2.0625,5.5,49.5,9.34,14.6,40.9,6.88,1.67,1.14,12.9,0.5,201,27.6,3.71,41.8,1,2.68,11.1,4.14,0.967
WT7X45,13.2,7.01,0.44,14.5,0.71,1.31,2,5.5,45,10.2,15.9,36.5,6.16,1.66,1.09,11.5,0.456,181,25,3.7,37.8,1,2.03,8.31,4.12,0.968
WT7X41,12,7.16,0.51,10.1,0.855,1.45,1.6875,5.5,41,5.92,14,41.2,7.14,1.85,1.39,13.2,0.593,74.1,14.6,2.48,22.4,1,2.53,5.63,3.24,0.912
WT7X37,10.9,7.09,0.45,10.1,0.785,1.38,1.625,5.5,37,6.41,15.8,36,6.25,1.82,1.32,11.5,0.541,66.9,13.3,2.48,20.2,1,1.93,4.19,3.21,0.916
WT7X34,10,7.02,0.415,10,0.72,1.31,1.5625,5.5,34,6.97,16.9,32.6,5.69,1.81,1.29,10.4,0.498,60.7,12.1,2.46,18.4,1,1.5,3.21,3.19,0.916
WT7X30.5,8.96,6.95,0.375,10,0.645,1.24,1.5,5.5,30.5,7.75,18.5,28.9,5.07,1.8,1.25,9.15,0.448,53.7,10.7,2.45,16.4,0.971,1.09,2.29,3.17,0.915
WT7X26.5,7.8,6.96,0.37,8.06,0.66,1.25,1.5,5.5,26.5,6.11,18.8,27.6,4.94,1.88,1.38,8.87,0.484,28.8,7.15,1.92,11,0.956,0.967,1.46,2.89,0.868
WT7X24,7.07,6.9,0.34,8.03,0.595,1.19,1.4375,5.5,24,6.75,20.3,24.9,4.49,1.88,1.35,8,0.44,25.7,6.4,1.91,9.8,0.88,0.723,1.07,2.87,0.866
WT7X21.5,6.31,6.83,0.305,8,0.53,1.12,1.375,5.5,21.5,7.54,22.4,21.9,3.98,1.86,1.31,7.05,0.395,22.6,5.65,1.89,8.64,0.773,0.522,0.751,2.86,0.865
WT7X19,5.58,7.05,0.31,6.77,0.515,0.915,1.25,3.5,19,6.57,22.7,23.3,4.22,2.04,1.54,7.45,0.412,13.3,3.94,1.55,6.07,0.758,0.398,0.554,2.86,0.799
WT7X17,5,6.99,0.285,6.75,0.455,0.855,1.1875,3.5,17,7.41,24.5,20.9,3.83,2.04,1.53,6.74,0.371,11.6,3.45,1.53,5.32,0.667,0.284,0.4,2.87,0.792
WT7X15,4.42,6.92,0.27,6.73,0.385,0.785,1.125,3.5,15,8.74,25.6,19,3.55,2.07,1.58,6.25,0.329,9.79,2.91,1.49,4.49,0.611,0.19,0.287,2.9,0.772
WT7X13,3.85,6.96,0.255,5.03,0.42,0.82,1.125,2.75,13,5.98,27.3,17.3,3.31,2.12,1.72,5.89,0.383,4.45,1.77,1.08,2.76,0.537,0.179,0.207,2.82,0.712
WT7X11,3.25,6.87,0.23,5,0.335,0.735,1.0625,2.75,11,7.46,29.9,14.8,2.91,2.14,1.76,5.2,0.325,3.5,1.4,1.04,2.19,0.448,0.104,0.134,2.86,0.689
WT6X168,49.5,8.41,1.78,13.4,2.96,3.55,3.875,5.5,168,2.26,4.72,190,31.2,1.96,2.31,68.4,1.84,593,88.6,3.47,137,1,120,481,4.07,0.958
WT6X152.5,44.7,8.16,1.63,13.2,2.71,3.3,3.625,5.5,152.5,2.45,5.01,162,27,1.9,2.16,59.1,1.69,525,79.3,3.42,122,1,92,356,4,0.959
WT6X139.5,41,7.93,1.53,13.1,2.47,3.07,3.375,5.5,139.5,2.66,5.18,141,24.1,1.86,2.05,51.9,1.56,469,71.3,3.38,110,1,70.9,267,3.94,0.958
WT6X126,37.1,7.71,1.4,13,2.25,2.85,3.125,5.5,126,2.89,5.51,121,20.9,1.81,1.92,44.8,1.42,414,63.6,3.34,97.9,1,53.5,195,3.88,0.958
WT6X115,33.8,7.53,1.29,12.9,2.07,2.67,2.9375,5.5,115,3.11,5.84,106,18.5,1.77,1.82,39.4,1.31,371,57.5,3.31,88.4,1,41.6,148,3.83,0.958
WT6X105,30.9,7.36,1.18,12.8,1.9,2.5,2.8125,5.5,105,3.37,6.24,92.1,16.4,1.73,1.72,34.5,1.21,332,51.9,3.28,79.7,1,32.1,112,3.79,0.958
WT6X95,28,7.19,1.06,12.7,1.74,2.33,2.625,5.5,95,3.65,6.78,79,14.2,1.68,1.62,29.8,1.1,295,46.5,3.25,71.2,1,24.3,82.1,3.73,0.96
WT6X85,25,7.02,0.96,12.6,1.56,2.16,2.4375,5.5,85,4.03,7.31,67.8,12.3,1.65,1.52,25.6,0.994,259,41.2,3.22,62.9,1,17.7,58.3,3.69,0.96
WT6X76,22.4,6.86,0.87,12.5,1.4,2,2.3125,5.5,76,4.46,7.89,58.5,10.8,1.62,1.43,22,0.896,227,36.4,3.19,55.6,1,12.8,41.3,3.65,0.96
WT6X68,20,6.71,0.79,12.4,1.25,1.85,2.125,5.5,68,4.96,8.49,50.6,9.46,1.59,1.35,19,0.805,199,32.1,3.16,48.9,1,9.21,28.9,3.61,0.959
WT6X60,17.6,6.56,0.71,12.3,1.11,1.7,2,5.5,60,5.57,9.24,43.4,8.22,1.57,1.28,16.2,0.716,172,28,3.13,42.7,1,6.42,19.7,3.57,0.959
WT6X53,15.6,6.45,0.61,12.2,0.99,1.59,1.875,5.5,53,6.17,10.6,36.3,6.92,1.53,1.19,13.6,0.637,151,24.7,3.11,37.5,1,4.55,13.6,3.53,0.961
WT6X48,14.1,6.36,0.55,12.2,0.9,1.5,1.8125,5.5,48,6.76,11.6,32,6.12,1.51,1.13,11.9,0.58,135,22.2,3.09,33.7,1,3.42,10.1,3.51,0.962
WT6X43.5,12.8,6.27,0.515,12.1,0.81,1.41,1.6875,5.5,43.5,7.48,12.2,28.9,5.6,1.5,1.1,10.7,0.527,120,19.9,3.07,30.2,1,2.54,7.34,3.49,0.96
WT6X39.5,11.6,6.19,0.47,12.1,0.735,1.33,1.625,5.5,39.5,8.22,13.2,25.8,5.03,1.49,1.06,9.49,0.48,108,17.9,3.05,27.1,1,1.91,5.43,3.47,0.96
WT6X36,10.6,6.13,0.43,12,0.67,1.27,1.5625,5.5,36,8.99,14.3,23.2,4.54,1.48,1.02,8.48,0.439,97.5,16.2,3.04,24.6,1,1.46,4.07,3.45,0.96
WT6X32.5,9.54,6.06,0.39,12,0.605,1.2,1.5,5.5,32.5,9.92,15.5,20.6,4.06,1.47,0.985,7.5,0.398,87.2,14.5,3.02,22,1,1.09,2.97,3.43,0.96
WT6X29,8.52,6.1,0.36,10,0.64,1.24,1.5,5.5,29,7.82,16.9,19.1,3.76,1.5,1.03,6.97,0.426,53.5,10.7,2.51,16.2,1,1.05,2.08,3,0.944
WT6X26.5,7.78,6.03,0.345,10,0.575,1.18,1.375,5.5,26.5,8.69,17.5,17.7,3.54,1.51,1.02,6.46,0.389,47.9,9.58,2.48,14.5,1,0.788,1.53,3,0.939
WT6X25,7.3,6.1,0.37,8.08,0.64,1.14,1.5,5.5,25,6.31,16.5,18.7,3.79,1.6,1.17,6.88,0.452,28.2,6.97,1.96,10.6,1,0.855,1.23,2.67,0.899
WT6X22.5,6.56,6.03,0.335,8.05,0.575,1.08,1.375,5.5,22.5,7,18,16.6,3.39,1.59,1.13,6.1,0.408,25,6.21,1.95,9.47,0.998,0.627,0.885,2.66,0.898
WT6X20,5.84,5.97,0.295,8.01,0.515,1.02,1.375,5.5,20,7.77,20.2,14.4,2.95,1.57,1.09,5.28,0.365,22,5.5,1.94,8.38,0.885,0.452,0.62,2.63,0.901
WT6X17.5,5.17,6.25,0.3,6.56,0.52,0.82,1.1875,3.5,17.5,6.31,20.8,16,3.23,1.76,1.3,5.71,0.394,12.2,3.73,1.54,5.73,0.854,0.369,0.437,2.56,0.834
WT6X15,4.4,6.17,0.26,6.52,0.44,0.74,1.125,3.5,15,7.41,23.7,13.5,2.75,1.75,1.27,4.83,0.337,10.2,3.12,1.52,4.78,0.707,0.228,0.267,2.54,0.83
WT6X13,3.82,6.11,0.23,6.49,0.38,0.68,1.0625,3.5,13,8.54,26.6,11.7,2.4,1.75,1.25,4.2,0.295,8.66,2.67,1.51,4.08,0.566,0.15,0.174,2.54,0.827
WT6X11,3.24,6.16,0.26,4.03,0.425,0.725,0.9375,2.25,11,4.74,23.7,11.7,2.59,1.9,1.63,4.63,0.402,2.33,1.15,0.847,1.83,0.707,0.146,0.137,2.52,0.683
WT6X9.5,2.79,6.08,0.235,4.01,0.35,0.65,0.875,2.25,9.5,5.72,25.9,10.1,2.28,1.9,1.65,4.11,0.348,1.88,0.939,0.821,1.49,0.597,0.0899,0.0934,2.54,0.665
WT6X8,2.36,6,0.22,3.99,0.265,0.565,0.8125,2.25,8,7.53,27.3,8.7,2.04,1.92,1.74,3.72,0.639,1.41,0.706,0.773,1.13,0.537,0.0511,0.0678,2.62,0.624
WT6X7,2.08,5.96,0.2,3.97,0.225,0.525,0.75,2.25,7,8.82,29.8,7.67,1.83,1.92,1.76,3.32,0.76,1.18,0.593,0.753,0.947,0.451,0.035,0.0493,2.64,0.611
WT5X56,16.5,5.68,0.755,10.4,1.25,1.75,1.9375,5.5,56,4.17,7.52,28.6,6.4,1.32,1.21,13.4,0.791,118,22.6,2.67,34.6,1,7.5,16.9,3.04,0.963
WT5X50,14.7,5.55,0.68,10.3,1.12,1.62,1.8125,5.5,50,4.62,8.16,24.5,5.56,1.29,1.13,11.4,0.711,103,20,2.65,30.5,1,5.41,11.9,3,0.964
WT5X44,13,5.42,0.605,10.3,0.99,1.49,1.6875,5.5,44,5.18,8.96,20.8,4.77,1.27,1.06,9.65,0.631,89.3,17.4,2.63,26.5,1,3.75,8.02,2.97,0.964
WT5X38.5,11.3,5.3,0.53,10.2,0.87,1.37,1.5625,5.5,38.5,5.86,10,17.4,4.05,1.24,0.99,8.06,0.555,76.8,15.1,2.6,22.9,1,2.55,5.31,2.94,0.964
WT5X34,10,5.2,0.47,10.1,0.77,1.27,1.4375,5.5,34,6.58,11.1,14.9,3.49,1.22,0.932,6.85,0.493,66.7,13.2,2.58,20,1,1.78,3.62,2.91,0.965
WT5X30,8.84,5.11,0.42,10.1,0.68,1.18,1.375,5.5,30,7.41,12.2,12.9,3.04,1.21,0.884,5.87,0.438,58.1,11.5,2.57,17.5,1,1.23,2.46,2.89,0.964
WT5X27,7.9,5.05,0.37,10,0.615,1.12,1.3125,5.5,27,8.15,13.6,11.1,2.64,1.19,0.836,5.05,0.395,51.7,10.3,2.56,15.6,1,0.909,1.78,2.87,0.966
WT5X24.5,7.21,4.99,0.34,10,0.56,1.06,1.25,5.5,24.5,8.93,14.7,10,2.39,1.18,0.807,4.52,0.361,46.7,9.34,2.54,14.1,1,0.693,1.33,2.85,0.966
WT5X22.5,6.63,5.05,0.35,8.02,0.62,1.12,1.3125,5.5,22.5,6.47,14.4,10.2,2.47,1.24,0.907,4.65,0.413,26.7,6.65,2.01,10.1,1,0.753,0.981,2.43,0.94
WT5X19.5,5.73,4.96,0.315,7.99,0.53,1.03,1.1875,5.5,19.5,7.53,15.7,8.84,2.16,1.24,0.876,3.99,0.359,22.5,5.64,1.98,8.57,1,0.487,0.616,2.42,0.936
WT5X16.5,4.85,4.87,0.29,7.96,0.435,0.935,1.125,5.5,16.5,9.15,16.8,7.71,1.93,1.26,0.869,3.48,0.305,18.3,4.6,1.94,7,1,0.291,0.356,2.4,0.927
WT5X15,4.42,5.24,0.3,5.81,0.51,0.81,1.125,2.75,15,5.7,17.5,9.28,2.24,1.45,1.1,4.01,0.38,8.35,2.87,1.37,4.41,1,0.31,0.273,2.17,0.849
WT5X13,3.81,5.17,0.26,5.77,0.44,0.74,1.0625,2.75,13,6.56,19.9,7.86,1.91,1.44,1.06,3.39,0.33,7.05,2.44,1.36,3.75,0.9,0.201,0.173,2.15,0.848
WT5X11,3.24,5.09,0.24,5.75,0.36,0.66,0.9375,2.75,11,7.99,21.2,6.88,1.72,1.46,1.07,3.02,0.282,5.71,1.99,1.33,3.05,0.834,0.119,0.107,2.16,0.83
WT5X9.5,2.81,5.12,0.25,4.02,0.395,0.695,0.9375,2.25,9.5,5.09,20.5,6.68,1.74,1.54,1.28,3.1,0.349,2.15,1.07,0.874,1.67,0.87,0.116,0.0796,2.08,0.729
WT5X8.5,2.5,5.06,0.24,4.01,0.33,0.63,0.875,2.25,8.5,6.08,21.1,6.06,1.62,1.56,1.32,2.9,0.311,1.78,0.887,0.844,1.4,0.839,0.0776,0.061,2.11,0.703
WT5X7.5,2.21,5,0.23,4,0.27,0.57,0.8125,2.25,7.5,7.41,21.7,5.45,1.5,1.57,1.37,2.71,0.305,1.45,0.723,0.81,1.15,0.809,0.0518,0.0475,2.16,0.672
WT5X6,1.77,4.94,0.19,3.96,0.21,0.51,0.75,2.25,6,9.43,26,4.35,1.22,1.57,1.36,2.2,0.322,1.09,0.551,0.785,0.869,0.592,0.0272,0.0255,2.16,0.661
WT4X33.5,9.84,4.5,0.57,8.28,0.935,1.33,1.625,5.5,33.5,4.43,7.89,10.9,3.05,1.05,0.936,6.29,0.594,44.3,10.7,2.12,16.3,1,2.51,3.56,2.41,0.962
WT4X29,8.54,4.38,0.51,8.22,0.81,1.2,1.5,5.5,29,5.07,8.59,9.12,2.61,1.03,0.874,5.25,0.52,37.5,9.13,2.1,13.9,1,1.66,2.28,2.38,0.961
WT4X24,7.05,4.25,0.4,8.11,0.685,1.08,1.375,5.5,24,5.92,10.6,6.85,1.97,0.986,0.777,3.94,0.435,30.5,7.51,2.08,11.4,1,0.977,1.3,2.34,0.966
WT4X20,5.87,4.13,0.36,8.07,0.56,0.954,1.25,5.5,20,7.21,11.5,5.73,1.69,0.988,0.735,3.25,0.364,24.5,6.08,2.04,9.24,1,0.558,0.715,2.32,0.961
WT4X17.5,5.14,4.06,0.31,8.02,0.495,0.889,1.1875,5.5,17.5,8.1,13.1,4.82,1.43,0.968,0.688,2.71,0.321,21.3,5.31,2.03,8.05,1,0.384,0.48,2.3,0.963
WT4X15.5,4.56,4,0.285,8,0.435,0.829,1.125,5.5,15.5,9.19,14,4.28,1.28,0.969,0.668,2.39,0.285,18.5,4.64,2.02,7.03,1,0.267,0.327,2.28,0.961
WT4X14,4.12,4.03,0.285,6.54,0.465,0.859,0.9375,3.5,14,7.03,14.1,4.23,1.28,1.01,0.734,2.38,0.315,10.8,3.31,1.62,5.04,1,0.268,0.23,1.98,0.935
WT4X12,3.54,3.97,0.245,6.5,0.4,0.794,0.875,3.5,12,8.12,16.2,3.53,1.08,0.999,0.695,1.98,0.272,9.14,2.81,1.61,4.28,1,0.173,0.144,1.96,0.936
WT4X10.5,3.08,4.14,0.25,5.27,0.4,0.7,0.875,2.75,10.5,6.59,16.6,3.9,1.18,1.12,0.831,2.11,0.292,4.88,1.85,1.26,2.84,1,0.141,0.0916,1.8,0.877
WT4X9,2.63,4.07,0.23,5.25,0.33,0.63,0.8125,2.75,9,7.95,17.7,3.41,1.05,1.14,0.834,1.86,0.251,3.98,1.52,1.23,2.33,1,0.0855,0.0562,1.8,0.863
WT4X7.5,2.22,4.06,0.245,4.02,0.315,0.615,0.8125,2.25,7.5,6.37,16.6,3.28,1.07,1.22,0.998,1.91,0.276,1.7,0.849,0.876,1.33,1,0.0679,0.0382,1.72,0.76
WT4X6.5,1.92,4,0.23,4,0.255,0.555,0.75,2.25,6.5,7.84,17.4,2.89,0.974,1.23,1.03,1.74,0.24,1.36,0.682,0.843,1.07,1,0.0433,0.0269,1.74,0.733
WT4X5,1.48,3.95,0.17,3.94,0.205,0.505,0.6875,2.25,5,9.61,23.2,2.15,0.717,1.2,0.953,1.27,0.188,1.05,0.531,0.84,0.826,0.733,0.0212,0.0114,1.7,0.749
WT3X12.5,3.67,3.19,0.32,6.08,0.455,0.705,0.9375,3.5,12.5,6.68,10,2.29,0.886,0.789,0.61,1.68,0.302,8.53,2.81,1.52,4.28,1,0.229,0.171,1.76,0.953
WT3X10,2.94,3.1,0.26,6.02,0.365,0.615,0.875,3.5,10,8.25,11.9,1.76,0.693,0.774,0.56,1.29,0.244,6.64,2.21,1.5,3.36,1,0.12,0.0858,1.73,0.953
WT3X7.5,2.21,3,0.23,5.99,0.26,0.51,0.75,3.5,7.5,11.5,13,1.41,0.577,0.797,0.558,1.03,0.185,4.66,1.56,1.45,2.37,1,0.0504,0.0342,1.71,0.937
WT3X8,2.37,3.14,0.26,4.03,0.405,0.655,0.875,2.25,8,4.98,12.1,1.69,0.685,0.844,0.676,1.25,0.294,2.21,1.1,0.966,1.69,1,0.111,0.0426,1.37,0.88
WT3X6,1.78,3.02,0.23,4,0.28,0.53,0.75,2.25,6,7.14,13.1,1.32,0.564,0.862,0.677,1.01,0.222,1.5,0.748,0.918,1.16,1,0.0449,0.0178,1.37,0.846
WT3X4.5,1.34,2.95,0.17,3.94,0.215,0.465,0.6875,2.25,4.5,9.16,17.4,0.95,0.408,0.842,0.623,0.72,0.17,1.1,0.557,0.905,0.856,1,0.0202,0.00736,1.34,0.852
WT3X4.25,1.26,2.92,0.17,3.94,0.195,0.445,0.6875,2.25,4.25,10.1,17.2,0.905,0.397,0.848,0.637,0.7,0.16,0.995,0.505,0.89,0.778,1,0.0166,0.0062,1.34,0.839
WT2.5X9.5,2.78,2.58,0.27,5.03,0.43,0.73,0.8125,2.75,9.5,5.85,9.56,1.01,0.485,0.604,0.487,0.97,0.276,4.56,1.81,1.28,2.76,1,0.157,0.0775,1.44,0.964
WT2.5X8,2.35,2.51,0.24,5,0.36,0.66,0.75,2.75,8,6.94,10.5,0.845,0.413,0.599,0.458,0.801,0.235,3.75,1.5,1.26,2.28,1,0.0958,0.0453,1.43,0.962
WT2X6.5,1.91,2.08,0.28,4.06,0.345,0.595,0.75,2.25,6.5,5.88,7.43,0.526,0.321,0.524,0.44,0.616,0.236,1.93,0.95,1,1.46,1,0.075,0.0233,1.16,0.947
MT6.25X6.2,1.82,6.27,0.155,3.75,0.228,0.563,0.5625,---,6.2,8.22,40.4,7.29,1.61,2.01,1.74,2.92,0.372,1,0.536,0.746,0.839,0.341,0.0246,0.0284,2.69,0.634
MT6.25X5.8,1.7,6.25,0.155,3.5,0.211,0.563,0.5625,---,5.8,8.29,40.3,6.94,1.57,2.03,1.84,2.86,0.808,0.756,0.432,0.669,0.684,0.342,0.0206,0.0268,2.75,0.602
MT6X5.9,1.74,6,0.177,3.07,0.225,0.563,0.5625,---,5.9,6.82,33.9,6.61,1.61,1.96,1.89,2.89,1.13,0.543,0.354,0.561,0.575,0.484,0.0249,0.0337,2.71,0.567
MT6X5.4,1.59,5.99,0.16,3.07,0.21,0.563,0.5625,---,5.4,7.31,37.4,6.03,1.46,1.95,1.86,2.63,1.05,0.506,0.33,0.566,0.532,0.397,0.0196,0.025,2.69,0.574
MT6X5,1.48,5.99,0.149,3.25,0.18,0.5,0.5,---,5,9.03,40.2,5.62,1.36,1.96,1.86,2.45,1.08,0.517,0.318,0.594,0.509,0.344,0.0145,0.0202,2.71,0.572
MT5X4.5,1.33,5,0.157,2.69,0.206,0.563,0.5625,---,4.5,6.53,31.8,3.47,1,1.62,1.54,1.81,0.808,0.336,0.25,0.505,0.403,0.55,0.0156,0.0138,2.22,0.585
MT5X4,1.19,4.98,0.141,2.69,0.182,0.563,0.5625,---,4,7.39,35.3,3.08,0.894,1.62,1.52,1.61,0.809,0.296,0.22,0.502,0.354,0.446,0.0112,0.00989,2.22,0.583
MT5X3.75,1.11,5,0.13,2.69,0.173,0.438,0.4375,---,3.75,7.77,38.4,2.91,0.836,1.63,1.51,1.51,0.759,0.281,0.209,0.505,0.334,0.377,0.00932,0.00792,2.22,0.588
MT4X3.25,0.959,4,0.135,2.28,0.189,0.563,0.5625,---,3.25,6.03,29.6,1.57,0.558,1.29,1.18,1.01,0.472,0.188,0.165,0.444,0.264,0.634,0.00917,0.00463,1.74,0.612
MT4X3.1,0.911,4,0.129,2.28,0.177,0.438,0.4375,---,3.1,6.44,31,1.5,0.533,1.29,1.18,0.967,0.497,0.176,0.154,0.441,0.247,0.578,0.00778,0.00403,1.75,0.608
MT3X2.2,0.647,3,0.114,1.84,0.171,0.375,0.375,---,2.2,5.38,26.3,0.579,0.268,0.949,0.841,0.483,0.19,0.0897,0.0973,0.374,0.155,0.778,0.00494,0.00124,1.27,0.646
MT3X1.85,0.545,2.96,0.098,2,0.129,0.313,0.3125,---,1.85,7.75,30.2,0.483,0.226,0.945,0.827,0.409,0.174,0.0863,0.0863,0.4,0.136,0.609,0.00265,0.000754,1.28,0.644
MT2.5X9.45,2.78,2.5,0.316,5,0.416,0.813,0.8125,2.75,9.45,6.01,7.91,1.05,0.528,0.617,0.512,1.03,0.276,4.35,1.74,1.26,2.66,1,0.156,0.0732,1.43,0.955
MT2X3,0.875,1.9,0.13,3.8,0.16,0.5,0.5,---,3,11.9,14.6,0.208,0.133,0.493,0.341,0.241,0.112,0.732,0.385,0.926,0.588,1,0.00919,0.00193,1.08,0.942
ST12X60.5,17.8,12.3,0.8,8.05,1.09,2,2,4,60.5,3.69,15.4,259,30.1,3.82,3.63,54.5,1.26,41.5,10.3,1.53,18.1,1,6.38,27.5,5.14,0.64
ST12X53,15.6,12.3,0.62,7.87,1.09,2,2,4,53,3.61,19.8,216,24.1,3.72,3.28,43.3,1.02,38.4,9.76,1.57,16.7,1,5.05,15,4.88,0.686
ST12X50,14.7,12,0.745,7.25,0.87,1.75,1.75,4,50,4.17,16.1,215,26.3,3.83,3.84,47.5,2.16,23.7,6.55,1.27,12,1,3.76,19.5,5.28,0.584
ST12X45,13.2,12,0.625,7.13,0.87,1.75,1.75,4,45,4.1,19.2,190,22.6,3.79,3.6,41.1,1.42,22.3,6.27,1.3,11.2,1,3.01,12.1,5.11,0.615
ST12X40,11.7,12,0.5,7,0.87,1.75,1.75,4,40,4.02,24,162,18.6,3.72,3.3,33.6,0.909,21,6,1.34,10.4,0.876,2.44,6.94,4.88,0.656
ST10X48,14.1,10.2,0.8,7.2,0.92,1.75,1.75,4,48,3.91,12.7,143,20.3,3.18,3.13,36.9,1.35,25,6.93,1.33,12.5,1,4.16,15,4.36,0.625
ST10X43,12.7,10.2,0.66,7.06,0.92,1.75,1.75,4,43,3.84,15.4,124,17.2,3.13,2.91,31.1,0.972,23.3,6.59,1.36,11.6,1,3.3,9.17,4.21,0.659
ST10X37.5,11,10,0.635,6.39,0.795,1.63,1.625,3.5,37.5,4.02,15.7,109,15.8,3.15,3.07,28.6,1.34,14.8,4.62,1.16,8.36,1,2.28,7.21,4.29,0.613
ST10X33,9.7,10,0.505,6.26,0.795,1.63,1.625,3.5,33,3.94,19.8,92.9,12.9,3.1,2.81,23.4,0.841,13.7,4.39,1.19,7.7,1,1.78,4.02,4.1,0.654
ST9X35,10.3,9,0.711,6.25,0.691,1.5,1.5,3.5,35,4.52,12.7,84.5,14,2.87,2.94,25.1,1.78,12,3.84,1.08,7.17,1,2.02,7.03,4.02,0.582
ST9X27.35,8.02,9,0.461,6,0.691,1.5,1.5,3.5,27.35,4.34,19.5,62.3,9.6,2.79,2.51,17.3,0.737,10.4,3.45,1.14,6.06,1,1.16,2.26,3.71,0.66
ST7.5X25,7.34,7.5,0.55,5.64,0.622,1.38,1.375,3.5,25,4.53,13.6,40.5,7.72,2.35,2.25,14,0.826,7.79,2.76,1.03,4.99,1,1.05,2.02,3.22,0.635
ST7.5X21.45,6.3,7.5,0.411,5.5,0.622,1.38,1.375,3.5,21.45,4.42,18.2,32.9,5.99,2.29,2.01,10.8,0.605,7.13,2.59,1.06,4.54,1,0.765,0.995,3.04,0.689
ST6X25,7.33,6,0.687,5.48,0.659,1.44,1.4375,3,25,4.17,8.73,25.1,6.04,1.85,1.84,11,0.758,7.79,2.84,1.03,5.16,1,1.36,1.97,2.6,0.662
ST6X20.4,5.96,6,0.462,5.25,0.659,1.44,1.4375,3,20.4,3.98,13,18.9,4.27,1.78,1.58,7.71,0.577,6.74,2.57,1.06,4.43,1,0.842,0.787,2.42,0.732
ST6X17.5,5.12,6,0.428,5.08,0.544,1.19,1.1875,3,17.5,4.67,14,17.2,3.95,1.83,1.65,7.12,0.543,4.92,1.94,0.98,3.4,1,0.524,0.556,2.49,0.695
ST6X15.9,4.65,6,0.35,5,0.544,1.19,1.1875,3,15.9,4.6,17.1,14.8,3.3,1.78,1.51,5.94,0.48,4.66,1.87,1,3.22,1,0.438,0.364,2.39,0.731
ST5X17.5,5.14,5,0.594,4.94,0.491,1.13,1.125,2.75,17.5,5.03,8.42,12.5,3.62,1.56,1.56,6.58,0.673,4.15,1.68,0.899,3.1,1,0.633,0.725,2.23,0.653
ST5X12.7,3.72,5,0.311,4.66,0.491,1.13,1.125,2.75,12.7,4.75,16.1,7.79,2.05,1.45,1.2,3.7,0.403,3.36,1.44,0.95,2.49,1,0.3,0.173,1.98,0.767
ST4X11.5,3.38,4,0.441,4.17,0.425,1,1,2.25,11.5,4.91,9.07,5,1.76,1.22,1.15,3.19,0.439,2.13,1.02,0.795,1.84,1,0.271,0.168,1.73,0.704
ST4X9.2,2.7,4,0.271,4,0.425,1,1,2.25,9.2,4.71,14.8,3.49,1.14,1.14,0.942,2.07,0.336,1.84,0.922,0.827,1.59,1,0.167,0.0642,1.58,0.788
ST3X8.6,2.53,3,0.465,3.57,0.359,0.813,0.8125,---,8.6,4.97,6.45,2.12,1.02,0.915,0.915,1.85,0.394,1.14,0.642,0.673,1.17,1,0.181,0.0772,1.35,0.705
ST3X6.25,1.83,3,0.232,3.33,0.359,0.813,0.8125,---,6.25,4.64,12.9,1.26,0.547,0.831,0.692,1.01,0.271,0.901,0.541,0.702,0.93,1,0.083,0.0197,1.2,0.819
ST2.5X5,1.46,2.5,0.214,3,0.326,0.75,0.75,---,5,4.6,11.7,0.671,0.348,0.677,0.57,0.65,0.239,0.597,0.398,0.638,0.686,1,0.0568,0.01,1.02,0.839
ST2X4.75,1.4,2,0.326,2.8,0.293,0.75,0.75,---,4.75,4.78,6.13,0.462,0.319,0.575,0.553,0.592,0.25,0.444,0.317,0.564,0.565,1,0.059,0.00995,0.903,0.797
ST2X3.85,1.13,2,0.193,2.66,0.293,0.75,0.75,---,3.85,4.54,10.4,0.307,0.198,0.522,0.448,0.381,0.204,0.374,0.281,0.576,0.485,1,0.0364,0.00457,0.834,0.869
ST1.5X3.75,1.1,1.5,0.349,2.51,0.26,0.625,0.625,---,3.75,4.83,4.3,0.2,0.187,0.426,0.432,0.351,0.219,0.289,0.23,0.513,0.411,1,0.0432,0.00496,0.732,0.83
ST1.5X2.85,0.83,1.5,0.17,2.33,0.26,0.625,0.625,---,2.85,4.48,8.82,0.114,0.097,0.37,0.329,0.196,0.171,0.223,0.192,0.518,0.328,1,0.0216,0.00189,0.667,0.911